First,Second,Third,Fourth
Haddad,Ciro,Alckmin,Bolsonaro
Haddad,Ciro,Alckmin,Bolsonaro
Haddad,Ciro,Alckmin,Bolsonaro
Haddad,Ciro,Alckmin,Bolsonaro
Haddad,Ciro,Alckmin,Bolsonaro
Haddad,Ciro,Alckmin,Bolsonaro
Haddad,Ciro,Alckmin,Bolsonaro
Haddad,Ciro,Alckmin,Bolsonaro
Haddad,Ciro,Alckmin,Bolsonaro
Haddad,Ciro,Alckmin,Bolsonaro
Haddad,Ciro,Alckmin,Bolsonaro
Haddad,Ciro,Alckmin,Bolsonaro
Haddad,Ciro,Alckmin,Bolsonaro
Haddad,Ciro,Alckmin,Bolsonaro
Haddad,Ciro,Alckmin,Bolsonaro
Haddad,Ciro,Alckmin,Bolsonaro
Haddad,Ciro,Alckmin,Bolsonaro
Haddad,Ciro,Alckmin,Bolsonaro
Haddad,Ciro,Alckmin,Bolsonaro
Haddad,Ciro,Alckmin,Bolsonaro
Haddad,Ciro,Alckmin,Bolsonaro
Haddad,Ciro,Alckmin,Bolsonaro
Haddad,Ciro,Alckmin,Bolsonaro
Haddad,Ciro,Alckmin,Bolsonaro
Haddad,Ciro,Alckmin,Bolsonaro
Haddad,Ciro,Alckmin,Bolsonaro
Haddad,Ciro,Alckmin,Bolsonaro
Haddad,Ciro,Alckmin,Bolsonaro
Haddad,Ciro,Alckmin,Bolsonaro
Haddad,Ciro,Alckmin,Bolsonaro
Haddad,Ciro,Alckmin,Bolsonaro
Haddad,Ciro,Alckmin,Bolsonaro
Haddad,Ciro,Alckmin,Bolsonaro
Haddad,Ciro,Alckmin,Bolsonaro
Haddad,Ciro,Alckmin,Bolsonaro
Haddad,Ciro,Alckmin,Bolsonaro
Haddad,Ciro,Alckmin,Bolsonaro
Haddad,Ciro,Alckmin,Bolsonaro
Haddad,Ciro,Alckmin,Bolsonaro
Haddad,Ciro,Alckmin,Bolsonaro
Haddad,Ciro,Alckmin,Bolsonaro
Haddad,Ciro,Alckmin,Bolsonaro
Haddad,Ciro,Alckmin,Bolsonaro
Haddad,Ciro,Alckmin,Bolsonaro
Haddad,Ciro,Alckmin,Bolsonaro
Haddad,Ciro,Alckmin,Bolsonaro
Haddad,Ciro,Alckmin,Bolsonaro
Haddad,Ciro,Alckmin,Bolsonaro
Haddad,Ciro,Alckmin,Bolsonaro
Haddad,Ciro,Alckmin,Bolsonaro
Haddad,Ciro,Alckmin,Bolsonaro
Haddad,Ciro,Alckmin,Bolsonaro
Haddad,Ciro,Alckmin,Bolsonaro
Haddad,Ciro,Alckmin,Bolsonaro
Haddad,Ciro,Alckmin,Bolsonaro
Haddad,Ciro,Alckmin,Bolsonaro
Haddad,Ciro,Alckmin,Bolsonaro
Haddad,Ciro,Alckmin,Bolsonaro
Haddad,Ciro,Alckmin,Bolsonaro
Haddad,Ciro,Alckmin,Bolsonaro
Haddad,Ciro,Alckmin,Bolsonaro
Haddad,Ciro,Alckmin,Bolsonaro
Haddad,Ciro,Alckmin,Bolsonaro
Haddad,Ciro,Alckmin,Bolsonaro
Haddad,Ciro,Alckmin,Bolsonaro
Haddad,Ciro,Alckmin,Bolsonaro
Haddad,Ciro,Alckmin,Bolsonaro
Haddad,Ciro,Alckmin,Bolsonaro
Haddad,Ciro,Alckmin,Bolsonaro
Haddad,Ciro,Alckmin,Bolsonaro
Haddad,Ciro,Alckmin,Bolsonaro
Haddad,Ciro,Alckmin,Bolsonaro
Haddad,Ciro,Alckmin,Bolsonaro
Haddad,Ciro,Alckmin,Bolsonaro
Haddad,Ciro,Alckmin,Bolsonaro
Haddad,Ciro,Alckmin,Bolsonaro
Haddad,Ciro,Alckmin,Bolsonaro
Haddad,Ciro,Alckmin,Bolsonaro
Haddad,Ciro,Alckmin,Bolsonaro
Haddad,Ciro,Alckmin,Bolsonaro
Haddad,Ciro,Alckmin,Bolsonaro
Haddad,Ciro,Alckmin,Bolsonaro
Haddad,Ciro,Alckmin,Bolsonaro
Haddad,Ciro,Alckmin,Bolsonaro
Haddad,Ciro,Alckmin,Bolsonaro
Haddad,Ciro,Alckmin,Bolsonaro
Haddad,Ciro,Alckmin,Bolsonaro
Haddad,Ciro,Alckmin,Bolsonaro
Haddad,Ciro,Alckmin,Bolsonaro
Haddad,Ciro,Alckmin,Bolsonaro
Haddad,Ciro,Alckmin,Bolsonaro
Haddad,Ciro,Alckmin,Bolsonaro
Haddad,Ciro,Alckmin,Bolsonaro
Haddad,Ciro,Alckmin,Bolsonaro
Haddad,Ciro,Alckmin,Bolsonaro
Haddad,Ciro,Alckmin,Bolsonaro
Haddad,Ciro,Alckmin,Bolsonaro
Haddad,Ciro,Alckmin,Bolsonaro
Haddad,Ciro,Alckmin,Bolsonaro
Haddad,Ciro,Alckmin,Bolsonaro
Haddad,Ciro,Alckmin,Bolsonaro
Haddad,Ciro,Alckmin,Bolsonaro
Haddad,Ciro,Alckmin,Bolsonaro
Haddad,Ciro,Alckmin,Bolsonaro
Haddad,Ciro,Alckmin,Bolsonaro
Haddad,Ciro,Alckmin,Bolsonaro
Haddad,Ciro,Alckmin,Bolsonaro
Haddad,Ciro,Alckmin,Bolsonaro
Haddad,Ciro,Alckmin,Bolsonaro
Haddad,Ciro,Alckmin,Bolsonaro
Haddad,Ciro,Alckmin,Bolsonaro
Haddad,Ciro,Alckmin,Bolsonaro
Haddad,Ciro,Alckmin,Bolsonaro
Haddad,Ciro,Alckmin,Bolsonaro
Haddad,Ciro,Alckmin,Bolsonaro
Haddad,Ciro,Alckmin,Bolsonaro
Haddad,Ciro,Alckmin,Bolsonaro
Haddad,Ciro,Alckmin,Bolsonaro
Haddad,Ciro,Alckmin,Bolsonaro
Haddad,Ciro,Alckmin,Bolsonaro
Haddad,Ciro,Alckmin,Bolsonaro
Haddad,Ciro,Alckmin,Bolsonaro
Haddad,Ciro,Alckmin,Bolsonaro
Haddad,Ciro,Alckmin,Bolsonaro
Haddad,Ciro,Alckmin,Bolsonaro
Haddad,Ciro,Alckmin,Bolsonaro
Haddad,Ciro,Alckmin,Bolsonaro
Haddad,Ciro,Alckmin,Bolsonaro
Haddad,Ciro,Alckmin,Bolsonaro
Haddad,Ciro,Alckmin,Bolsonaro
Haddad,Ciro,Alckmin,Bolsonaro
Haddad,Ciro,Alckmin,Bolsonaro
Haddad,Ciro,Alckmin,Bolsonaro
Haddad,Ciro,Alckmin,Bolsonaro
Haddad,Ciro,Alckmin,Bolsonaro
Haddad,Ciro,Alckmin,Bolsonaro
Haddad,Ciro,Alckmin,Bolsonaro
Haddad,Ciro,Alckmin,Bolsonaro
Haddad,Ciro,Alckmin,Bolsonaro
Haddad,Ciro,Alckmin,Bolsonaro
Haddad,Ciro,Alckmin,Bolsonaro
Haddad,Ciro,Alckmin,Bolsonaro
Haddad,Ciro,Alckmin,Bolsonaro
Haddad,Ciro,Alckmin,Bolsonaro
Haddad,Ciro,Alckmin,Bolsonaro
Haddad,Ciro,Alckmin,Bolsonaro
Haddad,Ciro,Alckmin,Bolsonaro
Haddad,Ciro,Alckmin,Bolsonaro
Haddad,Ciro,Alckmin,Bolsonaro
Haddad,Ciro,Alckmin,Bolsonaro
Haddad,Ciro,Alckmin,Bolsonaro
Haddad,Ciro,Alckmin,Bolsonaro
Haddad,Ciro,Alckmin,Bolsonaro
Haddad,Ciro,Alckmin,Bolsonaro
Haddad,Ciro,Alckmin,Bolsonaro
Haddad,Ciro,Alckmin,Bolsonaro
Haddad,Ciro,Alckmin,Bolsonaro
Haddad,Ciro,Alckmin,Bolsonaro
Haddad,Ciro,Alckmin,Bolsonaro
Haddad,Ciro,Alckmin,Bolsonaro
Haddad,Ciro,Alckmin,Bolsonaro
Haddad,Ciro,Alckmin,Bolsonaro
Haddad,Ciro,Alckmin,Bolsonaro
Haddad,Ciro,Alckmin,Bolsonaro
Haddad,Ciro,Alckmin,Bolsonaro
Haddad,Ciro,Alckmin,Bolsonaro
Haddad,Ciro,Alckmin,Bolsonaro
Haddad,Ciro,Alckmin,Bolsonaro
Haddad,Ciro,Alckmin,Bolsonaro
Haddad,Ciro,Alckmin,Bolsonaro
Haddad,Ciro,Alckmin,Bolsonaro
Haddad,Ciro,Alckmin,Bolsonaro
Haddad,Ciro,Alckmin,Bolsonaro
Haddad,Ciro,Alckmin,Bolsonaro
Haddad,Ciro,Alckmin,Bolsonaro
Haddad,Ciro,Alckmin,Bolsonaro
Haddad,Ciro,Alckmin,Bolsonaro
Haddad,Ciro,Alckmin,Bolsonaro
Haddad,Ciro,Alckmin,Bolsonaro
Haddad,Ciro,Alckmin,Bolsonaro
Haddad,Ciro,Alckmin,Bolsonaro
Haddad,Ciro,Alckmin,Bolsonaro
Haddad,Ciro,Alckmin,Bolsonaro
Haddad,Ciro,Alckmin,Bolsonaro
Haddad,Ciro,Alckmin,Bolsonaro
Haddad,Ciro,Alckmin,Bolsonaro
Haddad,Ciro,Alckmin,Bolsonaro
Haddad,Ciro,Alckmin,Bolsonaro
Haddad,Ciro,Alckmin,Bolsonaro
Haddad,Ciro,Alckmin,Bolsonaro
Haddad,Ciro,Alckmin,Bolsonaro
Haddad,Ciro,Alckmin,Bolsonaro
Haddad,Ciro,Alckmin,Bolsonaro
Haddad,Ciro,Alckmin,Bolsonaro
Haddad,Ciro,Alckmin,Bolsonaro
Haddad,Ciro,Alckmin,Bolsonaro
Haddad,Ciro,Alckmin,Bolsonaro
Haddad,Ciro,Alckmin,Bolsonaro
Haddad,Ciro,Alckmin,Bolsonaro
Haddad,Ciro,Alckmin,Bolsonaro
Haddad,Ciro,Alckmin,Bolsonaro
Haddad,Ciro,Alckmin,Bolsonaro
Haddad,Ciro,Alckmin,Bolsonaro
Haddad,Ciro,Alckmin,Bolsonaro
Haddad,Ciro,Alckmin,Bolsonaro
Haddad,Ciro,Alckmin,Bolsonaro
Haddad,Ciro,Alckmin,Bolsonaro
Haddad,Ciro,Alckmin,Bolsonaro
Haddad,Ciro,Alckmin,Bolsonaro
Haddad,Ciro,Alckmin,Bolsonaro
Haddad,Ciro,Alckmin,Bolsonaro
Haddad,Ciro,Alckmin,Bolsonaro
Haddad,Ciro,Alckmin,Bolsonaro
Haddad,Ciro,Alckmin,Bolsonaro
Haddad,Ciro,Alckmin,Bolsonaro
Haddad,Ciro,Alckmin,Bolsonaro
Haddad,Ciro,Alckmin,Bolsonaro
Haddad,Ciro,Alckmin,Bolsonaro
Haddad,Ciro,Alckmin,Bolsonaro
Haddad,Ciro,Alckmin,Bolsonaro
Haddad,Ciro,Alckmin,Bolsonaro
Haddad,Ciro,Alckmin,Bolsonaro
Haddad,Ciro,Alckmin,Bolsonaro
Haddad,Ciro,Alckmin,Bolsonaro
Haddad,Ciro,Alckmin,Bolsonaro
Haddad,Ciro,Alckmin,Bolsonaro
Haddad,Ciro,Alckmin,Bolsonaro
Haddad,Ciro,Alckmin,Bolsonaro
Haddad,Ciro,Alckmin,Bolsonaro
Haddad,Ciro,Alckmin,Bolsonaro
Haddad,Ciro,Alckmin,Bolsonaro
Haddad,Ciro,Alckmin,Bolsonaro
Haddad,Ciro,Alckmin,Bolsonaro
Haddad,Ciro,Alckmin,Bolsonaro
Haddad,Ciro,Alckmin,Bolsonaro
Haddad,Ciro,Alckmin,Bolsonaro
Haddad,Ciro,Alckmin,Bolsonaro
Haddad,Ciro,Alckmin,Bolsonaro
Haddad,Ciro,Alckmin,Bolsonaro
Haddad,Ciro,Alckmin,Bolsonaro
Haddad,Ciro,Alckmin,Bolsonaro
Haddad,Ciro,Alckmin,Bolsonaro
Haddad,Ciro,Alckmin,Bolsonaro
Haddad,Ciro,Alckmin,Bolsonaro
Haddad,Ciro,Alckmin,Bolsonaro
Haddad,Ciro,Alckmin,Bolsonaro
Haddad,Ciro,Alckmin,Bolsonaro
Haddad,Ciro,Alckmin,Bolsonaro
Haddad,Ciro,Alckmin,Bolsonaro
Haddad,Ciro,Alckmin,Bolsonaro
Haddad,Ciro,Alckmin,Bolsonaro
Haddad,Ciro,Alckmin,Bolsonaro
Haddad,Ciro,Alckmin,Bolsonaro
Haddad,Ciro,Alckmin,Bolsonaro
Haddad,Ciro,Alckmin,Bolsonaro
Haddad,Ciro,Alckmin,Bolsonaro
Haddad,Ciro,Alckmin,Bolsonaro
Haddad,Ciro,Alckmin,Bolsonaro
Haddad,Ciro,Alckmin,Bolsonaro
Haddad,Ciro,Alckmin,Bolsonaro
Haddad,Ciro,Alckmin,Bolsonaro
Haddad,Ciro,Alckmin,Bolsonaro
Haddad,Ciro,Alckmin,Bolsonaro
Haddad,Ciro,Alckmin,Bolsonaro
Haddad,Ciro,Alckmin,Bolsonaro
Haddad,Ciro,Alckmin,Bolsonaro
Haddad,Ciro,Alckmin,Bolsonaro
Haddad,Ciro,Alckmin,Bolsonaro
Haddad,Ciro,Alckmin,Bolsonaro
Haddad,Ciro,Alckmin,Bolsonaro
Haddad,Ciro,Alckmin,Bolsonaro
Haddad,Ciro,Alckmin,Bolsonaro
Haddad,Ciro,Alckmin,Bolsonaro
Haddad,Ciro,Alckmin,Bolsonaro
Haddad,Ciro,Alckmin,Bolsonaro
Haddad,Ciro,Alckmin,Bolsonaro
Haddad,Ciro,Alckmin,Bolsonaro
Haddad,Ciro,Alckmin,Bolsonaro
Haddad,Ciro,Alckmin,Bolsonaro
Haddad,Ciro,Alckmin,Bolsonaro
Haddad,Ciro,Alckmin,Bolsonaro
Haddad,Ciro,Alckmin,Bolsonaro
Haddad,Ciro,Alckmin,Bolsonaro
Haddad,Ciro,Alckmin,Bolsonaro
Haddad,Ciro,Alckmin,Bolsonaro
Haddad,Ciro,Alckmin,Bolsonaro
Haddad,Ciro,Alckmin,Bolsonaro
Haddad,Ciro,Alckmin,Bolsonaro
Haddad,Ciro,Alckmin,Bolsonaro
Haddad,Ciro,Alckmin,Bolsonaro
Haddad,Ciro,Alckmin,Bolsonaro
Haddad,Ciro,Alckmin,Bolsonaro
Haddad,Ciro,Alckmin,Bolsonaro
Haddad,Ciro,Alckmin,Bolsonaro
Haddad,Ciro,Alckmin,Bolsonaro
Haddad,Ciro,Alckmin,Bolsonaro
Haddad,Ciro,Alckmin,Bolsonaro
Haddad,Ciro,Alckmin,Bolsonaro
Haddad,Ciro,Alckmin,Bolsonaro
Haddad,Ciro,Alckmin,Bolsonaro
Haddad,Ciro,Alckmin,Bolsonaro
Haddad,Ciro,Alckmin,Bolsonaro
Haddad,Ciro,Alckmin,Bolsonaro
Haddad,Ciro,Alckmin,Bolsonaro
Haddad,Ciro,Alckmin,Bolsonaro
Haddad,Ciro,Alckmin,Bolsonaro
Haddad,Ciro,Alckmin,Bolsonaro
Haddad,Ciro,Alckmin,Bolsonaro
Haddad,Ciro,Alckmin,Bolsonaro
Haddad,Ciro,Alckmin,Bolsonaro
Haddad,Ciro,Alckmin,Bolsonaro
Haddad,Ciro,Alckmin,Bolsonaro
Haddad,Ciro,Alckmin,Bolsonaro
Haddad,Ciro,Alckmin,Bolsonaro
Haddad,Ciro,Alckmin,Bolsonaro
Haddad,Ciro,Alckmin,Bolsonaro
Haddad,Ciro,Alckmin,Bolsonaro
Haddad,Ciro,Alckmin,Bolsonaro
Haddad,Ciro,Alckmin,Bolsonaro
Haddad,Ciro,Alckmin,Bolsonaro
Haddad,Ciro,Alckmin,Bolsonaro
Haddad,Ciro,Alckmin,Bolsonaro
Haddad,Ciro,Alckmin,Bolsonaro
Haddad,Ciro,Alckmin,Bolsonaro
Haddad,Ciro,Alckmin,Bolsonaro
Haddad,Ciro,Alckmin,Bolsonaro
Haddad,Ciro,Alckmin,Bolsonaro
Haddad,Ciro,Alckmin,Bolsonaro
Haddad,Ciro,Alckmin,Bolsonaro
Haddad,Ciro,Alckmin,Bolsonaro
Haddad,Ciro,Alckmin,Bolsonaro
Haddad,Ciro,Alckmin,Bolsonaro
Haddad,Ciro,Alckmin,Bolsonaro
Haddad,Ciro,Alckmin,Bolsonaro
Haddad,Ciro,Alckmin,Bolsonaro
Haddad,Ciro,Alckmin,Bolsonaro
Haddad,Ciro,Alckmin,Bolsonaro
Haddad,Ciro,Alckmin,Bolsonaro
Haddad,Ciro,Alckmin,Bolsonaro
Haddad,Ciro,Alckmin,Bolsonaro
Haddad,Ciro,Alckmin,Bolsonaro
Haddad,Ciro,Alckmin,Bolsonaro
Haddad,Ciro,Alckmin,Bolsonaro
Haddad,Ciro,Alckmin,Bolsonaro
Haddad,Ciro,Alckmin,Bolsonaro
Haddad,Ciro,Alckmin,Bolsonaro
Haddad,Ciro,Alckmin,Bolsonaro
Haddad,Ciro,Alckmin,Bolsonaro
Haddad,Ciro,Alckmin,Bolsonaro
Haddad,Ciro,Alckmin,Bolsonaro
Haddad,Ciro,Alckmin,Bolsonaro
Haddad,Ciro,Alckmin,Bolsonaro
Haddad,Ciro,Alckmin,Bolsonaro
Haddad,Ciro,Alckmin,Bolsonaro
Haddad,Ciro,Alckmin,Bolsonaro
Haddad,Ciro,Alckmin,Bolsonaro
Haddad,Ciro,Alckmin,Bolsonaro
Haddad,Ciro,Alckmin,Bolsonaro
Haddad,Ciro,Alckmin,Bolsonaro
Haddad,Ciro,Alckmin,Bolsonaro
Haddad,Ciro,Alckmin,Bolsonaro
Haddad,Ciro,Alckmin,Bolsonaro
Haddad,Ciro,Alckmin,Bolsonaro
Haddad,Ciro,Alckmin,Bolsonaro
Haddad,Ciro,Alckmin,Bolsonaro
Haddad,Ciro,Alckmin,Bolsonaro
Haddad,Ciro,Alckmin,Bolsonaro
Haddad,Ciro,Alckmin,Bolsonaro
Haddad,Ciro,Alckmin,Bolsonaro
Haddad,Ciro,Alckmin,Bolsonaro
Haddad,Ciro,Alckmin,Bolsonaro
Haddad,Ciro,Alckmin,Bolsonaro
Haddad,Ciro,Alckmin,Bolsonaro
Haddad,Ciro,Alckmin,Bolsonaro
Haddad,Ciro,Alckmin,Bolsonaro
Haddad,Ciro,Alckmin,Bolsonaro
Haddad,Ciro,Alckmin,Bolsonaro
Haddad,Ciro,Alckmin,Bolsonaro
Haddad,Ciro,Alckmin,Bolsonaro
Haddad,Ciro,Alckmin,Bolsonaro
Haddad,Ciro,Alckmin,Bolsonaro
Haddad,Ciro,Alckmin,Bolsonaro
Haddad,Ciro,Alckmin,Bolsonaro
Haddad,Ciro,Alckmin,Bolsonaro
Haddad,Ciro,Alckmin,Bolsonaro
Haddad,Ciro,Alckmin,Bolsonaro
Haddad,Ciro,Alckmin,Bolsonaro
Haddad,Ciro,Alckmin,Bolsonaro
Haddad,Ciro,Alckmin,Bolsonaro
Haddad,Ciro,Alckmin,Bolsonaro
Haddad,Ciro,Alckmin,Bolsonaro
Haddad,Ciro,Alckmin,Bolsonaro
Haddad,Ciro,Alckmin,Bolsonaro
Haddad,Ciro,Alckmin,Bolsonaro
Haddad,Ciro,Alckmin,Bolsonaro
Haddad,Ciro,Alckmin,Bolsonaro
Haddad,Ciro,Alckmin,Bolsonaro
Haddad,Ciro,Alckmin,Bolsonaro
Haddad,Ciro,Alckmin,Bolsonaro
Haddad,Ciro,Alckmin,Bolsonaro
Haddad,Ciro,Alckmin,Bolsonaro
Haddad,Ciro,Alckmin,Bolsonaro
Haddad,Ciro,Alckmin,Bolsonaro
Haddad,Ciro,Alckmin,Bolsonaro
Haddad,Ciro,Alckmin,Bolsonaro
Haddad,Ciro,Alckmin,Bolsonaro
Haddad,Ciro,Alckmin,Bolsonaro
Haddad,Ciro,Alckmin,Bolsonaro
Haddad,Ciro,Alckmin,Bolsonaro
Haddad,Ciro,Alckmin,Bolsonaro
Haddad,Ciro,Alckmin,Bolsonaro
Haddad,Ciro,Alckmin,Bolsonaro
Haddad,Ciro,Alckmin,Bolsonaro
Haddad,Ciro,Alckmin,Bolsonaro
Haddad,Ciro,Alckmin,Bolsonaro
Haddad,Ciro,Alckmin,Bolsonaro
Haddad,Ciro,Alckmin,Bolsonaro
Haddad,Ciro,Alckmin,Bolsonaro
Haddad,Ciro,Alckmin,Bolsonaro
Haddad,Ciro,Alckmin,Bolsonaro
Haddad,Ciro,Alckmin,Bolsonaro
Haddad,Ciro,Alckmin,Bolsonaro
Haddad,Ciro,Alckmin,Bolsonaro
Haddad,Ciro,Alckmin,Bolsonaro
Haddad,Ciro,Alckmin,Bolsonaro
Haddad,Ciro,Alckmin,Bolsonaro
Haddad,Ciro,Alckmin,Bolsonaro
Haddad,Ciro,Alckmin,Bolsonaro
Haddad,Ciro,Alckmin,Bolsonaro
Haddad,Ciro,Alckmin,Bolsonaro
Haddad,Ciro,Alckmin,Bolsonaro
Haddad,Ciro,Alckmin,Bolsonaro
Haddad,Ciro,Alckmin,Bolsonaro
Haddad,Ciro,Alckmin,Bolsonaro
Haddad,Ciro,Alckmin,Bolsonaro
Haddad,Ciro,Alckmin,Bolsonaro
Haddad,Ciro,Alckmin,Bolsonaro
Haddad,Ciro,Alckmin,Bolsonaro
Haddad,Ciro,Alckmin,Bolsonaro
Haddad,Ciro,Alckmin,Bolsonaro
Haddad,Ciro,Alckmin,Bolsonaro
Haddad,Ciro,Alckmin,Bolsonaro
Haddad,Ciro,Alckmin,Bolsonaro
Haddad,Ciro,Alckmin,Bolsonaro
Haddad,Ciro,Alckmin,Bolsonaro
Haddad,Ciro,Alckmin,Bolsonaro
Haddad,Ciro,Alckmin,Bolsonaro
Haddad,Ciro,Alckmin,Bolsonaro
Haddad,Ciro,Alckmin,Bolsonaro
Haddad,Ciro,Alckmin,Bolsonaro
Haddad,Ciro,Alckmin,Bolsonaro
Haddad,Ciro,Alckmin,Bolsonaro
Haddad,Ciro,Alckmin,Bolsonaro
Haddad,Ciro,Alckmin,Bolsonaro
Haddad,Ciro,Alckmin,Bolsonaro
Haddad,Ciro,Alckmin,Bolsonaro
Haddad,Ciro,Alckmin,Bolsonaro
Haddad,Ciro,Alckmin,Bolsonaro
Haddad,Ciro,Alckmin,Bolsonaro
Haddad,Ciro,Alckmin,Bolsonaro
Haddad,Ciro,Alckmin,Bolsonaro
Haddad,Ciro,Alckmin,Bolsonaro
Haddad,Ciro,Alckmin,Bolsonaro
Haddad,Ciro,Alckmin,Bolsonaro
Haddad,Ciro,Alckmin,Bolsonaro
Haddad,Ciro,Alckmin,Bolsonaro
Haddad,Ciro,Alckmin,Bolsonaro
Haddad,Ciro,Alckmin,Bolsonaro
Haddad,Ciro,Alckmin,Bolsonaro
Haddad,Ciro,Alckmin,Bolsonaro
Haddad,Ciro,Alckmin,Bolsonaro
Haddad,Ciro,Alckmin,Bolsonaro
Haddad,Ciro,Alckmin,Bolsonaro
Haddad,Ciro,Alckmin,Bolsonaro
Haddad,Ciro,Alckmin,Bolsonaro
Haddad,Ciro,Alckmin,Bolsonaro
Haddad,Ciro,Alckmin,Bolsonaro
Haddad,Ciro,Alckmin,Bolsonaro
Haddad,Ciro,Alckmin,Bolsonaro
Haddad,Ciro,Alckmin,Bolsonaro
Haddad,Ciro,Alckmin,Bolsonaro
Haddad,Ciro,Alckmin,Bolsonaro
Haddad,Ciro,Alckmin,Bolsonaro
Haddad,Ciro,Alckmin,Bolsonaro
Haddad,Ciro,Alckmin,Bolsonaro
Haddad,Ciro,Alckmin,Bolsonaro
Haddad,Ciro,Alckmin,Bolsonaro
Haddad,Ciro,Alckmin,Bolsonaro
Haddad,Ciro,Alckmin,Bolsonaro
Haddad,Ciro,Alckmin,Bolsonaro
Haddad,Ciro,Alckmin,Bolsonaro
Haddad,Ciro,Alckmin,Bolsonaro
Haddad,Ciro,Alckmin,Bolsonaro
Haddad,Ciro,Alckmin,Bolsonaro
Haddad,Ciro,Alckmin,Bolsonaro
Haddad,Ciro,Alckmin,Bolsonaro
Haddad,Ciro,Alckmin,Bolsonaro
Haddad,Ciro,Alckmin,Bolsonaro
Haddad,Ciro,Alckmin,Bolsonaro
Haddad,Ciro,Alckmin,Bolsonaro
Haddad,Ciro,Alckmin,Bolsonaro
Haddad,Ciro,Alckmin,Bolsonaro
Haddad,Ciro,Alckmin,Bolsonaro
Haddad,Ciro,Alckmin,Bolsonaro
Haddad,Ciro,Alckmin,Bolsonaro
Haddad,Ciro,Alckmin,Bolsonaro
Haddad,Ciro,Alckmin,Bolsonaro
Haddad,Ciro,Alckmin,Bolsonaro
Haddad,Ciro,Alckmin,Bolsonaro
Haddad,Ciro,Alckmin,Bolsonaro
Haddad,Ciro,Alckmin,Bolsonaro
Haddad,Ciro,Alckmin,Bolsonaro
Haddad,Ciro,Alckmin,Bolsonaro
Haddad,Ciro,Alckmin,Bolsonaro
Haddad,Ciro,Alckmin,Bolsonaro
Haddad,Ciro,Alckmin,Bolsonaro
Haddad,Ciro,Alckmin,Bolsonaro
Haddad,Ciro,Alckmin,Bolsonaro
Haddad,Ciro,Alckmin,Bolsonaro
Haddad,Ciro,Alckmin,Bolsonaro
Haddad,Ciro,Alckmin,Bolsonaro
Haddad,Ciro,Alckmin,Bolsonaro
Haddad,Ciro,Alckmin,Bolsonaro
Haddad,Ciro,Alckmin,Bolsonaro
Haddad,Ciro,Alckmin,Bolsonaro
Haddad,Ciro,Alckmin,Bolsonaro
Haddad,Ciro,Alckmin,Bolsonaro
Haddad,Ciro,Alckmin,Bolsonaro
Haddad,Ciro,Alckmin,Bolsonaro
Haddad,Ciro,Alckmin,Bolsonaro
Haddad,Ciro,Alckmin,Bolsonaro
Haddad,Ciro,Alckmin,Bolsonaro
Haddad,Ciro,Alckmin,Bolsonaro
Haddad,Ciro,Alckmin,Bolsonaro
Haddad,Ciro,Alckmin,Bolsonaro
Haddad,Ciro,Alckmin,Bolsonaro
Haddad,Ciro,Alckmin,Bolsonaro
Haddad,Ciro,Alckmin,Bolsonaro
Haddad,Ciro,Alckmin,Bolsonaro
Haddad,Ciro,Alckmin,Bolsonaro
Haddad,Ciro,Alckmin,Bolsonaro
Haddad,Ciro,Alckmin,Bolsonaro
Haddad,Ciro,Alckmin,Bolsonaro
Haddad,Ciro,Alckmin,Bolsonaro
Haddad,Ciro,Alckmin,Bolsonaro
Haddad,Ciro,Alckmin,Bolsonaro
Haddad,Ciro,Alckmin,Bolsonaro
Haddad,Ciro,Alckmin,Bolsonaro
Haddad,Ciro,Alckmin,Bolsonaro
Haddad,Ciro,Alckmin,Bolsonaro
Haddad,Ciro,Alckmin,Bolsonaro
Haddad,Ciro,Alckmin,Bolsonaro
Haddad,Ciro,Alckmin,Bolsonaro
Haddad,Ciro,Alckmin,Bolsonaro
Haddad,Ciro,Alckmin,Bolsonaro
Haddad,Ciro,Alckmin,Bolsonaro
Haddad,Ciro,Alckmin,Bolsonaro
Haddad,Ciro,Alckmin,Bolsonaro
Haddad,Ciro,Alckmin,Bolsonaro
Haddad,Ciro,Alckmin,Bolsonaro
Haddad,Ciro,Alckmin,Bolsonaro
Haddad,Ciro,Alckmin,Bolsonaro
Haddad,Ciro,Alckmin,Bolsonaro
Haddad,Ciro,Alckmin,Bolsonaro
Haddad,Ciro,Alckmin,Bolsonaro
Haddad,Ciro,Alckmin,Bolsonaro
Haddad,Ciro,Alckmin,Bolsonaro
Haddad,Ciro,Alckmin,Bolsonaro
Haddad,Ciro,Alckmin,Bolsonaro
Haddad,Ciro,Alckmin,Bolsonaro
Haddad,Ciro,Alckmin,Bolsonaro
Haddad,Ciro,Alckmin,Bolsonaro
Haddad,Ciro,Alckmin,Bolsonaro
Haddad,Ciro,Alckmin,Bolsonaro
Haddad,Ciro,Alckmin,Bolsonaro
Haddad,Alckmin,Ciro,Bolsonaro
Haddad,Alckmin,Ciro,Bolsonaro
Haddad,Alckmin,Ciro,Bolsonaro
Haddad,Alckmin,Ciro,Bolsonaro
Haddad,Alckmin,Ciro,Bolsonaro
Haddad,Alckmin,Ciro,Bolsonaro
Haddad,Alckmin,Ciro,Bolsonaro
Haddad,Alckmin,Ciro,Bolsonaro
Haddad,Alckmin,Ciro,Bolsonaro
Haddad,Alckmin,Ciro,Bolsonaro
Haddad,Alckmin,Ciro,Bolsonaro
Haddad,Alckmin,Ciro,Bolsonaro
Haddad,Alckmin,Ciro,Bolsonaro
Haddad,Alckmin,Ciro,Bolsonaro
Haddad,Alckmin,Ciro,Bolsonaro
Haddad,Alckmin,Ciro,Bolsonaro
Haddad,Alckmin,Ciro,Bolsonaro
Haddad,Alckmin,Ciro,Bolsonaro
Haddad,Alckmin,Ciro,Bolsonaro
Haddad,Alckmin,Ciro,Bolsonaro
Haddad,Alckmin,Ciro,Bolsonaro
Haddad,Alckmin,Ciro,Bolsonaro
Haddad,Alckmin,Ciro,Bolsonaro
Haddad,Alckmin,Ciro,Bolsonaro
Haddad,Alckmin,Ciro,Bolsonaro
Haddad,Alckmin,Ciro,Bolsonaro
Haddad,Alckmin,Ciro,Bolsonaro
Haddad,Alckmin,Ciro,Bolsonaro
Haddad,Alckmin,Ciro,Bolsonaro
Haddad,Alckmin,Ciro,Bolsonaro
Haddad,Alckmin,Ciro,Bolsonaro
Haddad,Alckmin,Ciro,Bolsonaro
Haddad,Alckmin,Ciro,Bolsonaro
Haddad,Alckmin,Ciro,Bolsonaro
Haddad,Alckmin,Ciro,Bolsonaro
Haddad,Alckmin,Ciro,Bolsonaro
Haddad,Alckmin,Ciro,Bolsonaro
Haddad,Alckmin,Ciro,Bolsonaro
Haddad,Alckmin,Ciro,Bolsonaro
Haddad,Alckmin,Ciro,Bolsonaro
Haddad,Alckmin,Ciro,Bolsonaro
Haddad,Alckmin,Ciro,Bolsonaro
Haddad,Alckmin,Ciro,Bolsonaro
Haddad,Alckmin,Ciro,Bolsonaro
Haddad,Alckmin,Ciro,Bolsonaro
Haddad,Alckmin,Ciro,Bolsonaro
Haddad,Alckmin,Ciro,Bolsonaro
Haddad,Alckmin,Ciro,Bolsonaro
Haddad,Alckmin,Ciro,Bolsonaro
Haddad,Alckmin,Ciro,Bolsonaro
Haddad,Alckmin,Ciro,Bolsonaro
Haddad,Alckmin,Ciro,Bolsonaro
Haddad,Alckmin,Ciro,Bolsonaro
Haddad,Alckmin,Ciro,Bolsonaro
Haddad,Alckmin,Ciro,Bolsonaro
Haddad,Alckmin,Ciro,Bolsonaro
Haddad,Alckmin,Ciro,Bolsonaro
Haddad,Alckmin,Ciro,Bolsonaro
Haddad,Alckmin,Ciro,Bolsonaro
Haddad,Alckmin,Ciro,Bolsonaro
Haddad,Alckmin,Ciro,Bolsonaro
Haddad,Alckmin,Ciro,Bolsonaro
Haddad,Alckmin,Ciro,Bolsonaro
Haddad,Alckmin,Ciro,Bolsonaro
Haddad,Alckmin,Ciro,Bolsonaro
Haddad,Alckmin,Ciro,Bolsonaro
Haddad,Alckmin,Ciro,Bolsonaro
Haddad,Alckmin,Ciro,Bolsonaro
Haddad,Alckmin,Ciro,Bolsonaro
Haddad,Alckmin,Ciro,Bolsonaro
Haddad,Alckmin,Ciro,Bolsonaro
Haddad,Alckmin,Ciro,Bolsonaro
Haddad,Alckmin,Ciro,Bolsonaro
Haddad,Alckmin,Ciro,Bolsonaro
Haddad,Alckmin,Ciro,Bolsonaro
Haddad,Alckmin,Ciro,Bolsonaro
Haddad,Alckmin,Ciro,Bolsonaro
Haddad,Alckmin,Ciro,Bolsonaro
Haddad,Alckmin,Ciro,Bolsonaro
Haddad,Alckmin,Ciro,Bolsonaro
Haddad,Alckmin,Ciro,Bolsonaro
Haddad,Alckmin,Ciro,Bolsonaro
Haddad,Alckmin,Ciro,Bolsonaro
Haddad,Alckmin,Ciro,Bolsonaro
Haddad,Alckmin,Ciro,Bolsonaro
Haddad,Alckmin,Ciro,Bolsonaro
Haddad,Alckmin,Ciro,Bolsonaro
Haddad,Alckmin,Ciro,Bolsonaro
Haddad,Alckmin,Ciro,Bolsonaro
Haddad,Alckmin,Ciro,Bolsonaro
Haddad,Alckmin,Ciro,Bolsonaro
Haddad,Alckmin,Ciro,Bolsonaro
Haddad,Alckmin,Ciro,Bolsonaro
Haddad,Alckmin,Ciro,Bolsonaro
Haddad,Alckmin,Ciro,Bolsonaro
Haddad,Alckmin,Ciro,Bolsonaro
Haddad,Alckmin,Ciro,Bolsonaro
Haddad,Alckmin,Ciro,Bolsonaro
Haddad,Alckmin,Ciro,Bolsonaro
Haddad,Alckmin,Ciro,Bolsonaro
Haddad,Alckmin,Ciro,Bolsonaro
Haddad,Alckmin,Ciro,Bolsonaro
Haddad,Alckmin,Ciro,Bolsonaro
Haddad,Alckmin,Ciro,Bolsonaro
Haddad,Alckmin,Ciro,Bolsonaro
Haddad,Alckmin,Ciro,Bolsonaro
Haddad,Alckmin,Ciro,Bolsonaro
Haddad,Alckmin,Ciro,Bolsonaro
Haddad,Alckmin,Ciro,Bolsonaro
Haddad,Alckmin,Ciro,Bolsonaro
Haddad,Alckmin,Ciro,Bolsonaro
Haddad,Alckmin,Ciro,Bolsonaro
Haddad,Alckmin,Ciro,Bolsonaro
Haddad,Alckmin,Ciro,Bolsonaro
Haddad,Alckmin,Ciro,Bolsonaro
Haddad,Alckmin,Ciro,Bolsonaro
Haddad,Alckmin,Ciro,Bolsonaro
Haddad,Alckmin,Ciro,Bolsonaro
Haddad,Alckmin,Ciro,Bolsonaro
Haddad,Alckmin,Ciro,Bolsonaro
Haddad,Alckmin,Ciro,Bolsonaro
Haddad,Alckmin,Ciro,Bolsonaro
Haddad,Alckmin,Ciro,Bolsonaro
Haddad,Alckmin,Ciro,Bolsonaro
Haddad,Alckmin,Ciro,Bolsonaro
Haddad,Alckmin,Ciro,Bolsonaro
Haddad,Alckmin,Ciro,Bolsonaro
Haddad,Alckmin,Ciro,Bolsonaro
Haddad,Alckmin,Ciro,Bolsonaro
Haddad,Alckmin,Ciro,Bolsonaro
Haddad,Alckmin,Ciro,Bolsonaro
Haddad,Alckmin,Ciro,Bolsonaro
Haddad,Alckmin,Ciro,Bolsonaro
Haddad,Alckmin,Ciro,Bolsonaro
Haddad,Alckmin,Ciro,Bolsonaro
Haddad,Alckmin,Ciro,Bolsonaro
Haddad,Alckmin,Ciro,Bolsonaro
Haddad,Alckmin,Ciro,Bolsonaro
Haddad,Alckmin,Ciro,Bolsonaro
Haddad,Alckmin,Ciro,Bolsonaro
Haddad,Alckmin,Ciro,Bolsonaro
Haddad,Alckmin,Ciro,Bolsonaro
Haddad,Alckmin,Ciro,Bolsonaro
Haddad,Alckmin,Ciro,Bolsonaro
Haddad,Alckmin,Ciro,Bolsonaro
Haddad,Alckmin,Ciro,Bolsonaro
Haddad,Alckmin,Ciro,Bolsonaro
Haddad,Alckmin,Ciro,Bolsonaro
Haddad,Alckmin,Ciro,Bolsonaro
Haddad,Alckmin,Ciro,Bolsonaro
Haddad,Alckmin,Ciro,Bolsonaro
Haddad,Alckmin,Ciro,Bolsonaro
Haddad,Alckmin,Ciro,Bolsonaro
Haddad,Alckmin,Ciro,Bolsonaro
Haddad,Alckmin,Ciro,Bolsonaro
Haddad,Alckmin,Ciro,Bolsonaro
Haddad,Alckmin,Ciro,Bolsonaro
Haddad,Alckmin,Ciro,Bolsonaro
Haddad,Alckmin,Ciro,Bolsonaro
Haddad,Alckmin,Ciro,Bolsonaro
Haddad,Alckmin,Ciro,Bolsonaro
Haddad,Alckmin,Ciro,Bolsonaro
Haddad,Alckmin,Ciro,Bolsonaro
Haddad,Alckmin,Ciro,Bolsonaro
Haddad,Alckmin,Ciro,Bolsonaro
Haddad,Alckmin,Ciro,Bolsonaro
Haddad,Alckmin,Ciro,Bolsonaro
Haddad,Alckmin,Ciro,Bolsonaro
Haddad,Alckmin,Ciro,Bolsonaro
Haddad,Alckmin,Ciro,Bolsonaro
Haddad,Alckmin,Ciro,Bolsonaro
Haddad,Alckmin,Ciro,Bolsonaro
Haddad,Alckmin,Ciro,Bolsonaro
Haddad,Alckmin,Ciro,Bolsonaro
Haddad,Alckmin,Ciro,Bolsonaro
Haddad,Alckmin,Ciro,Bolsonaro
Haddad,Alckmin,Ciro,Bolsonaro
Haddad,Alckmin,Ciro,Bolsonaro
Haddad,Alckmin,Ciro,Bolsonaro
Haddad,Alckmin,Ciro,Bolsonaro
Haddad,Alckmin,Ciro,Bolsonaro
Haddad,Alckmin,Ciro,Bolsonaro
Haddad,Alckmin,Ciro,Bolsonaro
Haddad,Alckmin,Ciro,Bolsonaro
Haddad,Alckmin,Ciro,Bolsonaro
Haddad,Alckmin,Ciro,Bolsonaro
Haddad,Alckmin,Ciro,Bolsonaro
Haddad,Alckmin,Ciro,Bolsonaro
Haddad,Alckmin,Ciro,Bolsonaro
Haddad,Alckmin,Ciro,Bolsonaro
Haddad,Alckmin,Ciro,Bolsonaro
Haddad,Alckmin,Ciro,Bolsonaro
Haddad,Alckmin,Ciro,Bolsonaro
Haddad,Alckmin,Ciro,Bolsonaro
Haddad,Alckmin,Ciro,Bolsonaro
Haddad,Alckmin,Ciro,Bolsonaro
Haddad,Alckmin,Ciro,Bolsonaro
Haddad,Alckmin,Ciro,Bolsonaro
Haddad,Alckmin,Ciro,Bolsonaro
Haddad,Alckmin,Ciro,Bolsonaro
Haddad,Alckmin,Ciro,Bolsonaro
Haddad,Alckmin,Ciro,Bolsonaro
Haddad,Alckmin,Ciro,Bolsonaro
Haddad,Alckmin,Ciro,Bolsonaro
Haddad,Alckmin,Ciro,Bolsonaro
Haddad,Alckmin,Ciro,Bolsonaro
Haddad,Alckmin,Ciro,Bolsonaro
Haddad,Alckmin,Ciro,Bolsonaro
Haddad,Alckmin,Ciro,Bolsonaro
Haddad,Alckmin,Ciro,Bolsonaro
Haddad,Alckmin,Ciro,Bolsonaro
Haddad,Alckmin,Ciro,Bolsonaro
Haddad,Alckmin,Ciro,Bolsonaro
Haddad,Alckmin,Ciro,Bolsonaro
Haddad,Alckmin,Ciro,Bolsonaro
Haddad,Alckmin,Ciro,Bolsonaro
Haddad,Alckmin,Ciro,Bolsonaro
Haddad,Alckmin,Ciro,Bolsonaro
Haddad,Alckmin,Ciro,Bolsonaro
Haddad,Alckmin,Ciro,Bolsonaro
Haddad,Alckmin,Ciro,Bolsonaro
Haddad,Alckmin,Ciro,Bolsonaro
Haddad,Alckmin,Ciro,Bolsonaro
Haddad,Alckmin,Ciro,Bolsonaro
Haddad,Alckmin,Ciro,Bolsonaro
Haddad,Alckmin,Ciro,Bolsonaro
Haddad,Alckmin,Ciro,Bolsonaro
Haddad,Alckmin,Ciro,Bolsonaro
Haddad,Alckmin,Ciro,Bolsonaro
Haddad,Ciro,Bolsonaro,Alckmin
Haddad,Ciro,Bolsonaro,Alckmin
Haddad,Ciro,Bolsonaro,Alckmin
Haddad,Ciro,Bolsonaro,Alckmin
Haddad,Ciro,Bolsonaro,Alckmin
Haddad,Ciro,Bolsonaro,Alckmin
Haddad,Ciro,Bolsonaro,Alckmin
Haddad,Ciro,Bolsonaro,Alckmin
Haddad,Ciro,Bolsonaro,Alckmin
Haddad,Ciro,Bolsonaro,Alckmin
Haddad,Ciro,Bolsonaro,Alckmin
Haddad,Ciro,Bolsonaro,Alckmin
Haddad,Ciro,Bolsonaro,Alckmin
Haddad,Ciro,Bolsonaro,Alckmin
Haddad,Ciro,Bolsonaro,Alckmin
Haddad,Ciro,Bolsonaro,Alckmin
Haddad,Ciro,Bolsonaro,Alckmin
Haddad,Ciro,Bolsonaro,Alckmin
Haddad,Ciro,Bolsonaro,Alckmin
Haddad,Ciro,Bolsonaro,Alckmin
Haddad,Ciro,Bolsonaro,Alckmin
Haddad,Ciro,Bolsonaro,Alckmin
Haddad,Ciro,Bolsonaro,Alckmin
Haddad,Ciro,Bolsonaro,Alckmin
Haddad,Ciro,Bolsonaro,Alckmin
Haddad,Ciro,Bolsonaro,Alckmin
Haddad,Ciro,Bolsonaro,Alckmin
Haddad,Ciro,Bolsonaro,Alckmin
Haddad,Ciro,Bolsonaro,Alckmin
Haddad,Ciro,Bolsonaro,Alckmin
Haddad,Ciro,Bolsonaro,Alckmin
Haddad,Ciro,Bolsonaro,Alckmin
Haddad,Ciro,Bolsonaro,Alckmin
Haddad,Ciro,Bolsonaro,Alckmin
Haddad,Ciro,Bolsonaro,Alckmin
Haddad,Ciro,Bolsonaro,Alckmin
Haddad,Ciro,Bolsonaro,Alckmin
Haddad,Ciro,Bolsonaro,Alckmin
Haddad,Ciro,Bolsonaro,Alckmin
Haddad,Ciro,Bolsonaro,Alckmin
Haddad,Ciro,Bolsonaro,Alckmin
Haddad,Ciro,Bolsonaro,Alckmin
Haddad,Ciro,Bolsonaro,Alckmin
Haddad,Bolsonaro,Ciro,Alckmin
Haddad,Bolsonaro,Ciro,Alckmin
Haddad,Bolsonaro,Ciro,Alckmin
Haddad,Bolsonaro,Ciro,Alckmin
Haddad,Bolsonaro,Ciro,Alckmin
Haddad,Bolsonaro,Ciro,Alckmin
Haddad,Bolsonaro,Ciro,Alckmin
Haddad,Bolsonaro,Ciro,Alckmin
Haddad,Bolsonaro,Ciro,Alckmin
Haddad,Bolsonaro,Ciro,Alckmin
Haddad,Bolsonaro,Ciro,Alckmin
Haddad,Bolsonaro,Ciro,Alckmin
Haddad,Bolsonaro,Ciro,Alckmin
Haddad,Bolsonaro,Ciro,Alckmin
Haddad,Bolsonaro,Ciro,Alckmin
Haddad,Bolsonaro,Ciro,Alckmin
Haddad,Bolsonaro,Ciro,Alckmin
Haddad,Bolsonaro,Ciro,Alckmin
Haddad,Bolsonaro,Ciro,Alckmin
Haddad,Bolsonaro,Ciro,Alckmin
Haddad,Bolsonaro,Ciro,Alckmin
Haddad,Bolsonaro,Ciro,Alckmin
Haddad,Bolsonaro,Ciro,Alckmin
Haddad,Bolsonaro,Ciro,Alckmin
Haddad,Bolsonaro,Ciro,Alckmin
Haddad,Bolsonaro,Ciro,Alckmin
Haddad,Bolsonaro,Ciro,Alckmin
Haddad,Bolsonaro,Ciro,Alckmin
Haddad,Bolsonaro,Ciro,Alckmin
Haddad,Bolsonaro,Ciro,Alckmin
Haddad,Bolsonaro,Ciro,Alckmin
Haddad,Bolsonaro,Ciro,Alckmin
Haddad,Bolsonaro,Ciro,Alckmin
Haddad,Bolsonaro,Alckmin,Ciro
Haddad,Bolsonaro,Alckmin,Ciro
Haddad,Bolsonaro,Alckmin,Ciro
Haddad,Bolsonaro,Alckmin,Ciro
Haddad,Bolsonaro,Alckmin,Ciro
Haddad,Bolsonaro,Alckmin,Ciro
Haddad,Bolsonaro,Alckmin,Ciro
Haddad,Bolsonaro,Alckmin,Ciro
Haddad,Bolsonaro,Alckmin,Ciro
Haddad,Bolsonaro,Alckmin,Ciro
Haddad,Bolsonaro,Alckmin,Ciro
Haddad,Bolsonaro,Alckmin,Ciro
Haddad,Bolsonaro,Alckmin,Ciro
Haddad,Bolsonaro,Alckmin,Ciro
Haddad,Bolsonaro,Alckmin,Ciro
Haddad,Bolsonaro,Alckmin,Ciro
Haddad,Bolsonaro,Alckmin,Ciro
Haddad,Bolsonaro,Alckmin,Ciro
Haddad,Bolsonaro,Alckmin,Ciro
Haddad,Bolsonaro,Alckmin,Ciro
Haddad,Bolsonaro,Alckmin,Ciro
Haddad,Bolsonaro,Alckmin,Ciro
Haddad,Bolsonaro,Alckmin,Ciro
Haddad,Bolsonaro,Alckmin,Ciro
Haddad,Bolsonaro,Alckmin,Ciro
Haddad,Bolsonaro,Alckmin,Ciro
Haddad,Bolsonaro,Alckmin,Ciro
Haddad,Bolsonaro,Alckmin,Ciro
Haddad,Bolsonaro,Alckmin,Ciro
Haddad,Bolsonaro,Alckmin,Ciro
Haddad,Bolsonaro,Alckmin,Ciro
Haddad,Alckmin,Bolsonaro,Ciro
Haddad,Alckmin,Bolsonaro,Ciro
Haddad,Alckmin,Bolsonaro,Ciro
Haddad,Alckmin,Bolsonaro,Ciro
Haddad,Alckmin,Bolsonaro,Ciro
Haddad,Alckmin,Bolsonaro,Ciro
Haddad,Alckmin,Bolsonaro,Ciro
Haddad,Alckmin,Bolsonaro,Ciro
Haddad,Alckmin,Bolsonaro,Ciro
Haddad,Alckmin,Bolsonaro,Ciro
Haddad,Alckmin,Bolsonaro,Ciro
Haddad,Alckmin,Bolsonaro,Ciro
Haddad,Alckmin,Bolsonaro,Ciro
Haddad,Alckmin,Bolsonaro,Ciro
Haddad,Alckmin,Bolsonaro,Ciro
Alckmin,Haddad,Ciro,Bolsonaro
Alckmin,Haddad,Ciro,Bolsonaro
Alckmin,Haddad,Ciro,Bolsonaro
Alckmin,Ciro,Haddad,Bolsonaro
Alckmin,Ciro,Haddad,Bolsonaro
Alckmin,Ciro,Haddad,Bolsonaro
Alckmin,Ciro,Haddad,Bolsonaro
Alckmin,Ciro,Haddad,Bolsonaro
Alckmin,Ciro,Haddad,Bolsonaro
Alckmin,Ciro,Haddad,Bolsonaro
Alckmin,Ciro,Haddad,Bolsonaro
Alckmin,Ciro,Haddad,Bolsonaro
Alckmin,Ciro,Haddad,Bolsonaro
Alckmin,Ciro,Haddad,Bolsonaro
Alckmin,Ciro,Haddad,Bolsonaro
Alckmin,Ciro,Haddad,Bolsonaro
Alckmin,Ciro,Haddad,Bolsonaro
Alckmin,Ciro,Haddad,Bolsonaro
Alckmin,Ciro,Haddad,Bolsonaro
Alckmin,Ciro,Haddad,Bolsonaro
Alckmin,Ciro,Haddad,Bolsonaro
Alckmin,Ciro,Haddad,Bolsonaro
Alckmin,Ciro,Haddad,Bolsonaro
Alckmin,Ciro,Haddad,Bolsonaro
Alckmin,Ciro,Haddad,Bolsonaro
Alckmin,Ciro,Haddad,Bolsonaro
Alckmin,Ciro,Haddad,Bolsonaro
Alckmin,Ciro,Haddad,Bolsonaro
Alckmin,Ciro,Haddad,Bolsonaro
Alckmin,Ciro,Haddad,Bolsonaro
Alckmin,Ciro,Haddad,Bolsonaro
Alckmin,Ciro,Haddad,Bolsonaro
Alckmin,Ciro,Haddad,Bolsonaro
Alckmin,Ciro,Haddad,Bolsonaro
Alckmin,Ciro,Haddad,Bolsonaro
Alckmin,Ciro,Haddad,Bolsonaro
Alckmin,Ciro,Haddad,Bolsonaro
Alckmin,Ciro,Haddad,Bolsonaro
Alckmin,Ciro,Haddad,Bolsonaro
Alckmin,Ciro,Haddad,Bolsonaro
Alckmin,Ciro,Haddad,Bolsonaro
Alckmin,Ciro,Haddad,Bolsonaro
Alckmin,Ciro,Haddad,Bolsonaro
Alckmin,Ciro,Haddad,Bolsonaro
Alckmin,Ciro,Haddad,Bolsonaro
Alckmin,Ciro,Haddad,Bolsonaro
Alckmin,Ciro,Haddad,Bolsonaro
Alckmin,Ciro,Haddad,Bolsonaro
Alckmin,Ciro,Haddad,Bolsonaro
Alckmin,Ciro,Haddad,Bolsonaro
Alckmin,Ciro,Haddad,Bolsonaro
Alckmin,Ciro,Haddad,Bolsonaro
Alckmin,Ciro,Haddad,Bolsonaro
Alckmin,Ciro,Haddad,Bolsonaro
Alckmin,Ciro,Haddad,Bolsonaro
Alckmin,Ciro,Haddad,Bolsonaro
Alckmin,Ciro,Haddad,Bolsonaro
Alckmin,Ciro,Haddad,Bolsonaro
Alckmin,Ciro,Haddad,Bolsonaro
Alckmin,Ciro,Haddad,Bolsonaro
Alckmin,Ciro,Haddad,Bolsonaro
Alckmin,Ciro,Haddad,Bolsonaro
Alckmin,Ciro,Haddad,Bolsonaro
Alckmin,Ciro,Haddad,Bolsonaro
Alckmin,Ciro,Haddad,Bolsonaro
Alckmin,Ciro,Haddad,Bolsonaro
Alckmin,Ciro,Haddad,Bolsonaro
Alckmin,Ciro,Haddad,Bolsonaro
Alckmin,Ciro,Haddad,Bolsonaro
Alckmin,Ciro,Haddad,Bolsonaro
Alckmin,Ciro,Haddad,Bolsonaro
Alckmin,Ciro,Haddad,Bolsonaro
Alckmin,Ciro,Haddad,Bolsonaro
Alckmin,Ciro,Haddad,Bolsonaro
Alckmin,Ciro,Haddad,Bolsonaro
Alckmin,Ciro,Haddad,Bolsonaro
Alckmin,Ciro,Haddad,Bolsonaro
Alckmin,Ciro,Haddad,Bolsonaro
Alckmin,Ciro,Haddad,Bolsonaro
Alckmin,Ciro,Haddad,Bolsonaro
Alckmin,Ciro,Haddad,Bolsonaro
Alckmin,Ciro,Haddad,Bolsonaro
Alckmin,Ciro,Haddad,Bolsonaro
Alckmin,Ciro,Haddad,Bolsonaro
Alckmin,Ciro,Haddad,Bolsonaro
Alckmin,Ciro,Haddad,Bolsonaro
Alckmin,Ciro,Haddad,Bolsonaro
Alckmin,Ciro,Haddad,Bolsonaro
Alckmin,Ciro,Haddad,Bolsonaro
Alckmin,Ciro,Haddad,Bolsonaro
Alckmin,Ciro,Haddad,Bolsonaro
Alckmin,Ciro,Haddad,Bolsonaro
Alckmin,Ciro,Haddad,Bolsonaro
Alckmin,Ciro,Haddad,Bolsonaro
Alckmin,Ciro,Haddad,Bolsonaro
Alckmin,Ciro,Haddad,Bolsonaro
Alckmin,Ciro,Haddad,Bolsonaro
Alckmin,Ciro,Haddad,Bolsonaro
Alckmin,Ciro,Haddad,Bolsonaro
Alckmin,Ciro,Haddad,Bolsonaro
Alckmin,Ciro,Haddad,Bolsonaro
Alckmin,Ciro,Haddad,Bolsonaro
Alckmin,Ciro,Haddad,Bolsonaro
Alckmin,Ciro,Haddad,Bolsonaro
Alckmin,Ciro,Haddad,Bolsonaro
Alckmin,Ciro,Haddad,Bolsonaro
Alckmin,Ciro,Haddad,Bolsonaro
Alckmin,Ciro,Haddad,Bolsonaro
Alckmin,Ciro,Haddad,Bolsonaro
Alckmin,Ciro,Haddad,Bolsonaro
Alckmin,Ciro,Haddad,Bolsonaro
Alckmin,Ciro,Haddad,Bolsonaro
Alckmin,Ciro,Haddad,Bolsonaro
Alckmin,Ciro,Haddad,Bolsonaro
Alckmin,Ciro,Haddad,Bolsonaro
Alckmin,Ciro,Haddad,Bolsonaro
Alckmin,Ciro,Haddad,Bolsonaro
Alckmin,Ciro,Haddad,Bolsonaro
Alckmin,Ciro,Haddad,Bolsonaro
Alckmin,Ciro,Haddad,Bolsonaro
Alckmin,Ciro,Haddad,Bolsonaro
Alckmin,Ciro,Haddad,Bolsonaro
Alckmin,Ciro,Haddad,Bolsonaro
Alckmin,Ciro,Haddad,Bolsonaro
Alckmin,Ciro,Haddad,Bolsonaro
Alckmin,Ciro,Haddad,Bolsonaro
Alckmin,Ciro,Haddad,Bolsonaro
Alckmin,Ciro,Haddad,Bolsonaro
Alckmin,Ciro,Haddad,Bolsonaro
Alckmin,Ciro,Haddad,Bolsonaro
Alckmin,Ciro,Haddad,Bolsonaro
Alckmin,Ciro,Haddad,Bolsonaro
Alckmin,Ciro,Haddad,Bolsonaro
Alckmin,Ciro,Haddad,Bolsonaro
Alckmin,Ciro,Haddad,Bolsonaro
Alckmin,Ciro,Haddad,Bolsonaro
Alckmin,Ciro,Haddad,Bolsonaro
Alckmin,Ciro,Haddad,Bolsonaro
Alckmin,Ciro,Haddad,Bolsonaro
Alckmin,Ciro,Haddad,Bolsonaro
Alckmin,Ciro,Haddad,Bolsonaro
Alckmin,Ciro,Haddad,Bolsonaro
Alckmin,Ciro,Haddad,Bolsonaro
Alckmin,Ciro,Haddad,Bolsonaro
Alckmin,Ciro,Haddad,Bolsonaro
Alckmin,Ciro,Haddad,Bolsonaro
Alckmin,Ciro,Haddad,Bolsonaro
Alckmin,Ciro,Haddad,Bolsonaro
Alckmin,Ciro,Haddad,Bolsonaro
Alckmin,Ciro,Haddad,Bolsonaro
Alckmin,Ciro,Haddad,Bolsonaro
Alckmin,Ciro,Haddad,Bolsonaro
Ciro,Bolsonaro,Haddad,Alckmin
Ciro,Bolsonaro,Haddad,Alckmin
Ciro,Bolsonaro,Haddad,Alckmin
Ciro,Bolsonaro,Haddad,Alckmin
Ciro,Bolsonaro,Haddad,Alckmin
Ciro,Bolsonaro,Haddad,Alckmin
Ciro,Bolsonaro,Haddad,Alckmin
Ciro,Bolsonaro,Haddad,Alckmin
Ciro,Bolsonaro,Haddad,Alckmin
Ciro,Bolsonaro,Haddad,Alckmin
Ciro,Bolsonaro,Alckmin,Haddad
Ciro,Bolsonaro,Alckmin,Haddad
Ciro,Bolsonaro,Alckmin,Haddad
Ciro,Bolsonaro,Alckmin,Haddad
Ciro,Bolsonaro,Alckmin,Haddad
Ciro,Bolsonaro,Alckmin,Haddad
Ciro,Bolsonaro,Alckmin,Haddad
Ciro,Bolsonaro,Alckmin,Haddad
Ciro,Bolsonaro,Alckmin,Haddad
Ciro,Bolsonaro,Alckmin,Haddad
Ciro,Bolsonaro,Alckmin,Haddad
Ciro,Bolsonaro,Alckmin,Haddad
Ciro,Bolsonaro,Alckmin,Haddad
Ciro,Bolsonaro,Alckmin,Haddad
Ciro,Bolsonaro,Alckmin,Haddad
Ciro,Bolsonaro,Alckmin,Haddad
Ciro,Bolsonaro,Alckmin,Haddad
Ciro,Bolsonaro,Alckmin,Haddad
Ciro,Bolsonaro,Alckmin,Haddad
Ciro,Bolsonaro,Alckmin,Haddad
Ciro,Bolsonaro,Alckmin,Haddad
Ciro,Bolsonaro,Alckmin,Haddad
Ciro,Bolsonaro,Alckmin,Haddad
Ciro,Bolsonaro,Alckmin,Haddad
Ciro,Bolsonaro,Alckmin,Haddad
Ciro,Bolsonaro,Alckmin,Haddad
Ciro,Bolsonaro,Alckmin,Haddad
Ciro,Bolsonaro,Alckmin,Haddad
Ciro,Bolsonaro,Alckmin,Haddad
Ciro,Bolsonaro,Alckmin,Haddad
Ciro,Bolsonaro,Alckmin,Haddad
Ciro,Bolsonaro,Alckmin,Haddad
Ciro,Bolsonaro,Alckmin,Haddad
Ciro,Bolsonaro,Alckmin,Haddad
Ciro,Bolsonaro,Alckmin,Haddad
Ciro,Bolsonaro,Alckmin,Haddad
Ciro,Bolsonaro,Alckmin,Haddad
Ciro,Bolsonaro,Alckmin,Haddad
Ciro,Bolsonaro,Alckmin,Haddad
Ciro,Bolsonaro,Alckmin,Haddad
Ciro,Bolsonaro,Alckmin,Haddad
Ciro,Haddad,Bolsonaro,Alckmin
Ciro,Haddad,Bolsonaro,Alckmin
Ciro,Haddad,Bolsonaro,Alckmin
Ciro,Haddad,Bolsonaro,Alckmin
Ciro,Haddad,Bolsonaro,Alckmin
Ciro,Haddad,Bolsonaro,Alckmin
Ciro,Haddad,Bolsonaro,Alckmin
Ciro,Haddad,Bolsonaro,Alckmin
Ciro,Haddad,Bolsonaro,Alckmin
Ciro,Haddad,Bolsonaro,Alckmin
Ciro,Haddad,Bolsonaro,Alckmin
Ciro,Haddad,Bolsonaro,Alckmin
Ciro,Haddad,Bolsonaro,Alckmin
Ciro,Haddad,Bolsonaro,Alckmin
Ciro,Haddad,Bolsonaro,Alckmin
Ciro,Haddad,Bolsonaro,Alckmin
Ciro,Haddad,Bolsonaro,Alckmin
Ciro,Alckmin,Bolsonaro,Haddad
Ciro,Alckmin,Bolsonaro,Haddad
Ciro,Alckmin,Bolsonaro,Haddad
Ciro,Alckmin,Bolsonaro,Haddad
Ciro,Alckmin,Bolsonaro,Haddad
Ciro,Alckmin,Bolsonaro,Haddad
Ciro,Alckmin,Bolsonaro,Haddad
Ciro,Alckmin,Bolsonaro,Haddad
Ciro,Alckmin,Bolsonaro,Haddad
Ciro,Alckmin,Bolsonaro,Haddad
Ciro,Alckmin,Bolsonaro,Haddad
Ciro,Alckmin,Bolsonaro,Haddad
Ciro,Alckmin,Bolsonaro,Haddad
Ciro,Alckmin,Bolsonaro,Haddad
Ciro,Alckmin,Bolsonaro,Haddad
Ciro,Alckmin,Bolsonaro,Haddad
Ciro,Alckmin,Bolsonaro,Haddad
Ciro,Alckmin,Bolsonaro,Haddad
Ciro,Alckmin,Bolsonaro,Haddad
Ciro,Alckmin,Bolsonaro,Haddad
Ciro,Alckmin,Bolsonaro,Haddad
Ciro,Alckmin,Bolsonaro,Haddad
Ciro,Alckmin,Bolsonaro,Haddad
Ciro,Alckmin,Bolsonaro,Haddad
Ciro,Alckmin,Bolsonaro,Haddad
Ciro,Alckmin,Bolsonaro,Haddad
Ciro,Alckmin,Bolsonaro,Haddad
Ciro,Alckmin,Bolsonaro,Haddad
Ciro,Alckmin,Bolsonaro,Haddad
Ciro,Alckmin,Bolsonaro,Haddad
Ciro,Alckmin,Bolsonaro,Haddad
Ciro,Alckmin,Bolsonaro,Haddad
Ciro,Alckmin,Bolsonaro,Haddad
Ciro,Alckmin,Bolsonaro,Haddad
Ciro,Alckmin,Bolsonaro,Haddad
Ciro,Alckmin,Bolsonaro,Haddad
Ciro,Alckmin,Bolsonaro,Haddad
Ciro,Alckmin,Bolsonaro,Haddad
Ciro,Alckmin,Bolsonaro,Haddad
Ciro,Alckmin,Bolsonaro,Haddad
Ciro,Alckmin,Bolsonaro,Haddad
Ciro,Alckmin,Bolsonaro,Haddad
Ciro,Alckmin,Bolsonaro,Haddad
Ciro,Alckmin,Bolsonaro,Haddad
Ciro,Alckmin,Bolsonaro,Haddad
Ciro,Alckmin,Bolsonaro,Haddad
Ciro,Alckmin,Bolsonaro,Haddad
Ciro,Alckmin,Bolsonaro,Haddad
Ciro,Alckmin,Bolsonaro,Haddad
Ciro,Alckmin,Bolsonaro,Haddad
Ciro,Alckmin,Bolsonaro,Haddad
Ciro,Alckmin,Bolsonaro,Haddad
Ciro,Alckmin,Bolsonaro,Haddad
Ciro,Alckmin,Bolsonaro,Haddad
Ciro,Alckmin,Bolsonaro,Haddad
Ciro,Alckmin,Bolsonaro,Haddad
Ciro,Alckmin,Bolsonaro,Haddad
Ciro,Alckmin,Bolsonaro,Haddad
Ciro,Alckmin,Bolsonaro,Haddad
Ciro,Alckmin,Bolsonaro,Haddad
Ciro,Haddad,Alckmin,Bolsonaro
Ciro,Haddad,Alckmin,Bolsonaro
Ciro,Haddad,Alckmin,Bolsonaro
Ciro,Haddad,Alckmin,Bolsonaro
Ciro,Haddad,Alckmin,Bolsonaro
Ciro,Haddad,Alckmin,Bolsonaro
Ciro,Haddad,Alckmin,Bolsonaro
Ciro,Haddad,Alckmin,Bolsonaro
Ciro,Haddad,Alckmin,Bolsonaro
Ciro,Haddad,Alckmin,Bolsonaro
Ciro,Haddad,Alckmin,Bolsonaro
Ciro,Haddad,Alckmin,Bolsonaro
Ciro,Haddad,Alckmin,Bolsonaro
Ciro,Haddad,Alckmin,Bolsonaro
Ciro,Haddad,Alckmin,Bolsonaro
Ciro,Haddad,Alckmin,Bolsonaro
Ciro,Haddad,Alckmin,Bolsonaro
Ciro,Haddad,Alckmin,Bolsonaro
Ciro,Haddad,Alckmin,Bolsonaro
Ciro,Haddad,Alckmin,Bolsonaro
Ciro,Haddad,Alckmin,Bolsonaro
Ciro,Haddad,Alckmin,Bolsonaro
Ciro,Haddad,Alckmin,Bolsonaro
Ciro,Haddad,Alckmin,Bolsonaro
Ciro,Haddad,Alckmin,Bolsonaro
Ciro,Haddad,Alckmin,Bolsonaro
Ciro,Haddad,Alckmin,Bolsonaro
Ciro,Haddad,Alckmin,Bolsonaro
Ciro,Haddad,Alckmin,Bolsonaro
Ciro,Haddad,Alckmin,Bolsonaro
Ciro,Haddad,Alckmin,Bolsonaro
Ciro,Haddad,Alckmin,Bolsonaro
Ciro,Haddad,Alckmin,Bolsonaro
Ciro,Haddad,Alckmin,Bolsonaro
Ciro,Haddad,Alckmin,Bolsonaro
Ciro,Haddad,Alckmin,Bolsonaro
Ciro,Haddad,Alckmin,Bolsonaro
Ciro,Haddad,Alckmin,Bolsonaro
Ciro,Haddad,Alckmin,Bolsonaro
Ciro,Haddad,Alckmin,Bolsonaro
Ciro,Haddad,Alckmin,Bolsonaro
Ciro,Haddad,Alckmin,Bolsonaro
Ciro,Haddad,Alckmin,Bolsonaro
Ciro,Haddad,Alckmin,Bolsonaro
Ciro,Haddad,Alckmin,Bolsonaro
Ciro,Haddad,Alckmin,Bolsonaro
Ciro,Haddad,Alckmin,Bolsonaro
Ciro,Haddad,Alckmin,Bolsonaro
Ciro,Haddad,Alckmin,Bolsonaro
Ciro,Haddad,Alckmin,Bolsonaro
Ciro,Haddad,Alckmin,Bolsonaro
Ciro,Haddad,Alckmin,Bolsonaro
Ciro,Haddad,Alckmin,Bolsonaro
Ciro,Haddad,Alckmin,Bolsonaro
Ciro,Haddad,Alckmin,Bolsonaro
Ciro,Haddad,Alckmin,Bolsonaro
Ciro,Haddad,Alckmin,Bolsonaro
Ciro,Haddad,Alckmin,Bolsonaro
Ciro,Haddad,Alckmin,Bolsonaro
Ciro,Haddad,Alckmin,Bolsonaro
Ciro,Haddad,Alckmin,Bolsonaro
Ciro,Haddad,Alckmin,Bolsonaro
Ciro,Haddad,Alckmin,Bolsonaro
Ciro,Haddad,Alckmin,Bolsonaro
Ciro,Haddad,Alckmin,Bolsonaro
Ciro,Haddad,Alckmin,Bolsonaro
Ciro,Haddad,Alckmin,Bolsonaro
Ciro,Haddad,Alckmin,Bolsonaro
Ciro,Haddad,Alckmin,Bolsonaro
Ciro,Haddad,Alckmin,Bolsonaro
Ciro,Haddad,Alckmin,Bolsonaro
Ciro,Haddad,Alckmin,Bolsonaro
Ciro,Haddad,Alckmin,Bolsonaro
Ciro,Haddad,Alckmin,Bolsonaro
Ciro,Haddad,Alckmin,Bolsonaro
Ciro,Haddad,Alckmin,Bolsonaro
Ciro,Haddad,Alckmin,Bolsonaro
Ciro,Haddad,Alckmin,Bolsonaro
Ciro,Haddad,Alckmin,Bolsonaro
Ciro,Haddad,Alckmin,Bolsonaro
Ciro,Haddad,Alckmin,Bolsonaro
Ciro,Haddad,Alckmin,Bolsonaro
Ciro,Haddad,Alckmin,Bolsonaro
Ciro,Haddad,Alckmin,Bolsonaro
Ciro,Haddad,Alckmin,Bolsonaro
Ciro,Haddad,Alckmin,Bolsonaro
Ciro,Haddad,Alckmin,Bolsonaro
Ciro,Haddad,Alckmin,Bolsonaro
Ciro,Alckmin,Haddad,Bolsonaro
Ciro,Alckmin,Haddad,Bolsonaro
Ciro,Alckmin,Haddad,Bolsonaro
Ciro,Alckmin,Haddad,Bolsonaro
Ciro,Alckmin,Haddad,Bolsonaro
Ciro,Alckmin,Haddad,Bolsonaro
Ciro,Alckmin,Haddad,Bolsonaro
Ciro,Alckmin,Haddad,Bolsonaro
Ciro,Alckmin,Haddad,Bolsonaro
Ciro,Alckmin,Haddad,Bolsonaro
Ciro,Alckmin,Haddad,Bolsonaro
Ciro,Alckmin,Haddad,Bolsonaro
Ciro,Alckmin,Haddad,Bolsonaro
Ciro,Alckmin,Haddad,Bolsonaro
Ciro,Alckmin,Haddad,Bolsonaro
Ciro,Alckmin,Haddad,Bolsonaro
Ciro,Alckmin,Haddad,Bolsonaro
Ciro,Alckmin,Haddad,Bolsonaro
Ciro,Alckmin,Haddad,Bolsonaro
Ciro,Alckmin,Haddad,Bolsonaro
Ciro,Alckmin,Haddad,Bolsonaro
Ciro,Alckmin,Haddad,Bolsonaro
Ciro,Alckmin,Haddad,Bolsonaro
Ciro,Alckmin,Haddad,Bolsonaro
Ciro,Alckmin,Haddad,Bolsonaro
Ciro,Alckmin,Haddad,Bolsonaro
Ciro,Alckmin,Haddad,Bolsonaro
Ciro,Alckmin,Haddad,Bolsonaro
Ciro,Alckmin,Haddad,Bolsonaro
Ciro,Alckmin,Haddad,Bolsonaro
Ciro,Alckmin,Haddad,Bolsonaro
Ciro,Alckmin,Haddad,Bolsonaro
Ciro,Alckmin,Haddad,Bolsonaro
Ciro,Alckmin,Haddad,Bolsonaro
Ciro,Alckmin,Haddad,Bolsonaro
Ciro,Alckmin,Haddad,Bolsonaro
Ciro,Alckmin,Haddad,Bolsonaro
Ciro,Alckmin,Haddad,Bolsonaro
Ciro,Alckmin,Haddad,Bolsonaro
Ciro,Alckmin,Haddad,Bolsonaro
Ciro,Alckmin,Haddad,Bolsonaro
Ciro,Alckmin,Haddad,Bolsonaro
Ciro,Alckmin,Haddad,Bolsonaro
Ciro,Alckmin,Haddad,Bolsonaro
Ciro,Alckmin,Haddad,Bolsonaro
Ciro,Alckmin,Haddad,Bolsonaro
Ciro,Alckmin,Haddad,Bolsonaro
Ciro,Alckmin,Haddad,Bolsonaro
Ciro,Alckmin,Haddad,Bolsonaro
Ciro,Alckmin,Haddad,Bolsonaro
Ciro,Alckmin,Haddad,Bolsonaro
Ciro,Alckmin,Haddad,Bolsonaro
Ciro,Alckmin,Haddad,Bolsonaro
Ciro,Alckmin,Haddad,Bolsonaro
Ciro,Alckmin,Haddad,Bolsonaro
Ciro,Alckmin,Haddad,Bolsonaro
Ciro,Alckmin,Haddad,Bolsonaro
Ciro,Alckmin,Haddad,Bolsonaro
Ciro,Alckmin,Haddad,Bolsonaro
Ciro,Alckmin,Haddad,Bolsonaro
Ciro,Alckmin,Haddad,Bolsonaro
Ciro,Alckmin,Haddad,Bolsonaro
Ciro,Alckmin,Haddad,Bolsonaro
Ciro,Alckmin,Haddad,Bolsonaro
Ciro,Alckmin,Haddad,Bolsonaro
Ciro,Alckmin,Haddad,Bolsonaro
Ciro,Alckmin,Haddad,Bolsonaro
Ciro,Alckmin,Haddad,Bolsonaro
Ciro,Alckmin,Haddad,Bolsonaro
Ciro,Alckmin,Haddad,Bolsonaro
Ciro,Alckmin,Haddad,Bolsonaro
Ciro,Alckmin,Haddad,Bolsonaro
Ciro,Alckmin,Haddad,Bolsonaro
Ciro,Alckmin,Haddad,Bolsonaro
Ciro,Alckmin,Haddad,Bolsonaro
Ciro,Alckmin,Haddad,Bolsonaro
Ciro,Alckmin,Haddad,Bolsonaro
Ciro,Alckmin,Haddad,Bolsonaro
Ciro,Alckmin,Haddad,Bolsonaro
Ciro,Alckmin,Haddad,Bolsonaro
Ciro,Alckmin,Haddad,Bolsonaro
Ciro,Alckmin,Haddad,Bolsonaro
Ciro,Alckmin,Haddad,Bolsonaro
Ciro,Alckmin,Haddad,Bolsonaro
Ciro,Alckmin,Haddad,Bolsonaro
Ciro,Alckmin,Haddad,Bolsonaro
Ciro,Alckmin,Haddad,Bolsonaro
Ciro,Alckmin,Haddad,Bolsonaro
Ciro,Alckmin,Haddad,Bolsonaro
Ciro,Alckmin,Haddad,Bolsonaro
Ciro,Alckmin,Haddad,Bolsonaro
Ciro,Alckmin,Haddad,Bolsonaro
Ciro,Alckmin,Haddad,Bolsonaro
Ciro,Alckmin,Haddad,Bolsonaro
Ciro,Alckmin,Haddad,Bolsonaro
Ciro,Alckmin,Haddad,Bolsonaro
Ciro,Alckmin,Haddad,Bolsonaro
Ciro,Alckmin,Haddad,Bolsonaro
Ciro,Alckmin,Haddad,Bolsonaro
Ciro,Alckmin,Haddad,Bolsonaro
Ciro,Alckmin,Haddad,Bolsonaro
Ciro,Alckmin,Haddad,Bolsonaro
Ciro,Alckmin,Haddad,Bolsonaro
Ciro,Alckmin,Haddad,Bolsonaro
Ciro,Alckmin,Haddad,Bolsonaro
Ciro,Alckmin,Haddad,Bolsonaro
Ciro,Alckmin,Haddad,Bolsonaro
Ciro,Alckmin,Haddad,Bolsonaro
Ciro,Alckmin,Haddad,Bolsonaro
Ciro,Alckmin,Haddad,Bolsonaro
Ciro,Alckmin,Haddad,Bolsonaro
Ciro,Alckmin,Haddad,Bolsonaro
Ciro,Alckmin,Haddad,Bolsonaro
Ciro,Alckmin,Haddad,Bolsonaro
Ciro,Alckmin,Haddad,Bolsonaro
Ciro,Alckmin,Haddad,Bolsonaro
Ciro,Alckmin,Haddad,Bolsonaro
Ciro,Alckmin,Haddad,Bolsonaro
Ciro,Alckmin,Haddad,Bolsonaro
Ciro,Alckmin,Haddad,Bolsonaro
Ciro,Alckmin,Haddad,Bolsonaro
Ciro,Alckmin,Haddad,Bolsonaro
Ciro,Alckmin,Haddad,Bolsonaro
Ciro,Alckmin,Haddad,Bolsonaro
Ciro,Alckmin,Haddad,Bolsonaro
Ciro,Alckmin,Haddad,Bolsonaro
Ciro,Alckmin,Haddad,Bolsonaro
Ciro,Alckmin,Haddad,Bolsonaro
Ciro,Alckmin,Haddad,Bolsonaro
Ciro,Alckmin,Haddad,Bolsonaro
Ciro,Alckmin,Haddad,Bolsonaro
Ciro,Alckmin,Haddad,Bolsonaro
Ciro,Alckmin,Haddad,Bolsonaro
Ciro,Alckmin,Haddad,Bolsonaro
Ciro,Alckmin,Haddad,Bolsonaro
Ciro,Alckmin,Haddad,Bolsonaro
Ciro,Alckmin,Haddad,Bolsonaro
Ciro,Alckmin,Haddad,Bolsonaro
Ciro,Alckmin,Haddad,Bolsonaro
Ciro,Alckmin,Haddad,Bolsonaro
Ciro,Alckmin,Haddad,Bolsonaro
Ciro,Alckmin,Haddad,Bolsonaro
Ciro,Alckmin,Haddad,Bolsonaro
Ciro,Alckmin,Haddad,Bolsonaro
Ciro,Alckmin,Haddad,Bolsonaro
Ciro,Alckmin,Haddad,Bolsonaro
Ciro,Alckmin,Haddad,Bolsonaro
Ciro,Alckmin,Haddad,Bolsonaro
Ciro,Alckmin,Haddad,Bolsonaro
Ciro,Alckmin,Haddad,Bolsonaro
Ciro,Alckmin,Haddad,Bolsonaro
Ciro,Alckmin,Haddad,Bolsonaro
Ciro,Alckmin,Haddad,Bolsonaro
Ciro,Alckmin,Haddad,Bolsonaro
Ciro,Alckmin,Haddad,Bolsonaro
Ciro,Alckmin,Haddad,Bolsonaro
Ciro,Alckmin,Haddad,Bolsonaro
Ciro,Alckmin,Haddad,Bolsonaro
Ciro,Alckmin,Haddad,Bolsonaro
Ciro,Alckmin,Haddad,Bolsonaro
Ciro,Alckmin,Haddad,Bolsonaro
Ciro,Alckmin,Haddad,Bolsonaro
Ciro,Alckmin,Haddad,Bolsonaro
Ciro,Alckmin,Haddad,Bolsonaro
Ciro,Alckmin,Haddad,Bolsonaro
Ciro,Alckmin,Haddad,Bolsonaro
Ciro,Alckmin,Haddad,Bolsonaro
Ciro,Alckmin,Haddad,Bolsonaro
Ciro,Alckmin,Haddad,Bolsonaro
Ciro,Alckmin,Haddad,Bolsonaro
Ciro,Alckmin,Haddad,Bolsonaro
Ciro,Alckmin,Haddad,Bolsonaro
Ciro,Alckmin,Haddad,Bolsonaro
Ciro,Alckmin,Haddad,Bolsonaro
Ciro,Alckmin,Haddad,Bolsonaro
Ciro,Alckmin,Haddad,Bolsonaro
Ciro,Alckmin,Haddad,Bolsonaro
Ciro,Alckmin,Haddad,Bolsonaro
Ciro,Alckmin,Haddad,Bolsonaro
Bolsonaro,Alckmin,Ciro,Haddad
Bolsonaro,Alckmin,Ciro,Haddad
Bolsonaro,Alckmin,Ciro,Haddad
Bolsonaro,Alckmin,Ciro,Haddad
Bolsonaro,Alckmin,Ciro,Haddad
Bolsonaro,Alckmin,Ciro,Haddad
Bolsonaro,Alckmin,Ciro,Haddad
Bolsonaro,Alckmin,Ciro,Haddad
Bolsonaro,Alckmin,Ciro,Haddad
Bolsonaro,Alckmin,Ciro,Haddad
Bolsonaro,Alckmin,Ciro,Haddad
Bolsonaro,Alckmin,Ciro,Haddad
Bolsonaro,Alckmin,Ciro,Haddad
Bolsonaro,Alckmin,Ciro,Haddad
Bolsonaro,Alckmin,Ciro,Haddad
Bolsonaro,Alckmin,Ciro,Haddad
Bolsonaro,Alckmin,Ciro,Haddad
Bolsonaro,Alckmin,Ciro,Haddad
Bolsonaro,Alckmin,Ciro,Haddad
Bolsonaro,Alckmin,Ciro,Haddad
Bolsonaro,Alckmin,Ciro,Haddad
Bolsonaro,Alckmin,Ciro,Haddad
Bolsonaro,Alckmin,Ciro,Haddad
Bolsonaro,Alckmin,Ciro,Haddad
Bolsonaro,Alckmin,Ciro,Haddad
Bolsonaro,Alckmin,Ciro,Haddad
Bolsonaro,Alckmin,Ciro,Haddad
Bolsonaro,Alckmin,Ciro,Haddad
Bolsonaro,Alckmin,Ciro,Haddad
Bolsonaro,Alckmin,Ciro,Haddad
Bolsonaro,Alckmin,Ciro,Haddad
Bolsonaro,Alckmin,Ciro,Haddad
Bolsonaro,Alckmin,Ciro,Haddad
Bolsonaro,Alckmin,Ciro,Haddad
Bolsonaro,Alckmin,Ciro,Haddad
Bolsonaro,Alckmin,Ciro,Haddad
Bolsonaro,Alckmin,Ciro,Haddad
Bolsonaro,Alckmin,Ciro,Haddad
Bolsonaro,Alckmin,Ciro,Haddad
Bolsonaro,Alckmin,Ciro,Haddad
Bolsonaro,Alckmin,Ciro,Haddad
Bolsonaro,Alckmin,Ciro,Haddad
Bolsonaro,Alckmin,Ciro,Haddad
Bolsonaro,Alckmin,Ciro,Haddad
Bolsonaro,Alckmin,Ciro,Haddad
Bolsonaro,Alckmin,Ciro,Haddad
Bolsonaro,Alckmin,Ciro,Haddad
Bolsonaro,Alckmin,Ciro,Haddad
Bolsonaro,Alckmin,Ciro,Haddad
Bolsonaro,Alckmin,Ciro,Haddad
Bolsonaro,Alckmin,Ciro,Haddad
Bolsonaro,Alckmin,Ciro,Haddad
Bolsonaro,Alckmin,Ciro,Haddad
Bolsonaro,Alckmin,Ciro,Haddad
Bolsonaro,Alckmin,Ciro,Haddad
Bolsonaro,Alckmin,Ciro,Haddad
Bolsonaro,Alckmin,Ciro,Haddad
Bolsonaro,Alckmin,Ciro,Haddad
Bolsonaro,Alckmin,Ciro,Haddad
Bolsonaro,Alckmin,Ciro,Haddad
Bolsonaro,Alckmin,Ciro,Haddad
Bolsonaro,Alckmin,Ciro,Haddad
Bolsonaro,Alckmin,Ciro,Haddad
Bolsonaro,Alckmin,Ciro,Haddad
Bolsonaro,Alckmin,Ciro,Haddad
Bolsonaro,Alckmin,Ciro,Haddad
Bolsonaro,Alckmin,Ciro,Haddad
Bolsonaro,Alckmin,Ciro,Haddad
Bolsonaro,Alckmin,Ciro,Haddad
Bolsonaro,Alckmin,Ciro,Haddad
Bolsonaro,Alckmin,Ciro,Haddad
Bolsonaro,Alckmin,Ciro,Haddad
Bolsonaro,Alckmin,Ciro,Haddad
Bolsonaro,Alckmin,Ciro,Haddad
Bolsonaro,Alckmin,Ciro,Haddad
Bolsonaro,Alckmin,Ciro,Haddad
Bolsonaro,Alckmin,Ciro,Haddad
Bolsonaro,Alckmin,Ciro,Haddad
Bolsonaro,Alckmin,Ciro,Haddad
Bolsonaro,Alckmin,Ciro,Haddad
Bolsonaro,Alckmin,Ciro,Haddad
Bolsonaro,Alckmin,Ciro,Haddad
Bolsonaro,Alckmin,Ciro,Haddad
Bolsonaro,Alckmin,Ciro,Haddad
Bolsonaro,Alckmin,Ciro,Haddad
Bolsonaro,Alckmin,Ciro,Haddad
Bolsonaro,Alckmin,Ciro,Haddad
Bolsonaro,Alckmin,Ciro,Haddad
Bolsonaro,Alckmin,Ciro,Haddad
Bolsonaro,Alckmin,Ciro,Haddad
Bolsonaro,Alckmin,Ciro,Haddad
Bolsonaro,Alckmin,Ciro,Haddad
Bolsonaro,Alckmin,Ciro,Haddad
Bolsonaro,Alckmin,Ciro,Haddad
Bolsonaro,Alckmin,Ciro,Haddad
Bolsonaro,Alckmin,Ciro,Haddad
Bolsonaro,Alckmin,Ciro,Haddad
Bolsonaro,Alckmin,Ciro,Haddad
Bolsonaro,Alckmin,Ciro,Haddad
Bolsonaro,Alckmin,Ciro,Haddad
Bolsonaro,Alckmin,Ciro,Haddad
Bolsonaro,Alckmin,Ciro,Haddad
Bolsonaro,Alckmin,Ciro,Haddad
Bolsonaro,Alckmin,Ciro,Haddad
Bolsonaro,Alckmin,Ciro,Haddad
Bolsonaro,Alckmin,Ciro,Haddad
Bolsonaro,Alckmin,Ciro,Haddad
Bolsonaro,Alckmin,Ciro,Haddad
Bolsonaro,Alckmin,Ciro,Haddad
Bolsonaro,Alckmin,Ciro,Haddad
Bolsonaro,Alckmin,Ciro,Haddad
Bolsonaro,Alckmin,Ciro,Haddad
Bolsonaro,Alckmin,Ciro,Haddad
Bolsonaro,Alckmin,Ciro,Haddad
Bolsonaro,Alckmin,Ciro,Haddad
Bolsonaro,Alckmin,Ciro,Haddad
Bolsonaro,Alckmin,Ciro,Haddad
Bolsonaro,Alckmin,Ciro,Haddad
Bolsonaro,Alckmin,Ciro,Haddad
Bolsonaro,Alckmin,Ciro,Haddad
Bolsonaro,Alckmin,Ciro,Haddad
Bolsonaro,Alckmin,Ciro,Haddad
Bolsonaro,Alckmin,Ciro,Haddad
Bolsonaro,Alckmin,Ciro,Haddad
Bolsonaro,Alckmin,Ciro,Haddad
Bolsonaro,Alckmin,Ciro,Haddad
Bolsonaro,Alckmin,Ciro,Haddad
Bolsonaro,Alckmin,Ciro,Haddad
Bolsonaro,Alckmin,Ciro,Haddad
Bolsonaro,Alckmin,Ciro,Haddad
Bolsonaro,Alckmin,Ciro,Haddad
Bolsonaro,Alckmin,Ciro,Haddad
Bolsonaro,Alckmin,Ciro,Haddad
Bolsonaro,Alckmin,Ciro,Haddad
Bolsonaro,Alckmin,Ciro,Haddad
Bolsonaro,Alckmin,Ciro,Haddad
Bolsonaro,Alckmin,Ciro,Haddad
Bolsonaro,Alckmin,Ciro,Haddad
Bolsonaro,Alckmin,Ciro,Haddad
Bolsonaro,Alckmin,Ciro,Haddad
Bolsonaro,Alckmin,Ciro,Haddad
Bolsonaro,Alckmin,Ciro,Haddad
Bolsonaro,Alckmin,Ciro,Haddad
Bolsonaro,Alckmin,Ciro,Haddad
Bolsonaro,Alckmin,Ciro,Haddad
Bolsonaro,Alckmin,Ciro,Haddad
Bolsonaro,Alckmin,Ciro,Haddad
Bolsonaro,Alckmin,Ciro,Haddad
Bolsonaro,Alckmin,Ciro,Haddad
Bolsonaro,Alckmin,Ciro,Haddad
Bolsonaro,Alckmin,Ciro,Haddad
Bolsonaro,Alckmin,Ciro,Haddad
Bolsonaro,Alckmin,Ciro,Haddad
Bolsonaro,Alckmin,Ciro,Haddad
Bolsonaro,Alckmin,Ciro,Haddad
Bolsonaro,Alckmin,Ciro,Haddad
Bolsonaro,Alckmin,Ciro,Haddad
Bolsonaro,Alckmin,Ciro,Haddad
Bolsonaro,Alckmin,Ciro,Haddad
Bolsonaro,Alckmin,Ciro,Haddad
Bolsonaro,Alckmin,Ciro,Haddad
Bolsonaro,Alckmin,Ciro,Haddad
Bolsonaro,Alckmin,Ciro,Haddad
Bolsonaro,Alckmin,Ciro,Haddad
Bolsonaro,Alckmin,Ciro,Haddad
Bolsonaro,Alckmin,Ciro,Haddad
Bolsonaro,Alckmin,Ciro,Haddad
Bolsonaro,Alckmin,Ciro,Haddad
Bolsonaro,Alckmin,Ciro,Haddad
Bolsonaro,Alckmin,Ciro,Haddad
Bolsonaro,Alckmin,Ciro,Haddad
Bolsonaro,Alckmin,Ciro,Haddad
Bolsonaro,Alckmin,Ciro,Haddad
Bolsonaro,Alckmin,Ciro,Haddad
Bolsonaro,Alckmin,Ciro,Haddad
Bolsonaro,Alckmin,Ciro,Haddad
Bolsonaro,Alckmin,Ciro,Haddad
Bolsonaro,Alckmin,Ciro,Haddad
Bolsonaro,Alckmin,Ciro,Haddad
Bolsonaro,Alckmin,Ciro,Haddad
Bolsonaro,Alckmin,Ciro,Haddad
Bolsonaro,Alckmin,Ciro,Haddad
Bolsonaro,Alckmin,Ciro,Haddad
Bolsonaro,Alckmin,Ciro,Haddad
Bolsonaro,Alckmin,Ciro,Haddad
Bolsonaro,Alckmin,Ciro,Haddad
Bolsonaro,Alckmin,Ciro,Haddad
Bolsonaro,Alckmin,Ciro,Haddad
Bolsonaro,Alckmin,Ciro,Haddad
Bolsonaro,Alckmin,Ciro,Haddad
Bolsonaro,Alckmin,Ciro,Haddad
Bolsonaro,Alckmin,Ciro,Haddad
Bolsonaro,Alckmin,Ciro,Haddad
Bolsonaro,Alckmin,Ciro,Haddad
Bolsonaro,Alckmin,Ciro,Haddad
Bolsonaro,Alckmin,Ciro,Haddad
Bolsonaro,Alckmin,Ciro,Haddad
Bolsonaro,Alckmin,Ciro,Haddad
Bolsonaro,Alckmin,Ciro,Haddad
Bolsonaro,Alckmin,Ciro,Haddad
Bolsonaro,Alckmin,Ciro,Haddad
Bolsonaro,Alckmin,Ciro,Haddad
Bolsonaro,Alckmin,Ciro,Haddad
Bolsonaro,Alckmin,Ciro,Haddad
Bolsonaro,Alckmin,Ciro,Haddad
Bolsonaro,Alckmin,Ciro,Haddad
Bolsonaro,Alckmin,Ciro,Haddad
Bolsonaro,Alckmin,Ciro,Haddad
Bolsonaro,Alckmin,Ciro,Haddad
Bolsonaro,Alckmin,Ciro,Haddad
Bolsonaro,Alckmin,Ciro,Haddad
Bolsonaro,Alckmin,Ciro,Haddad
Bolsonaro,Alckmin,Ciro,Haddad
Bolsonaro,Alckmin,Ciro,Haddad
Bolsonaro,Alckmin,Ciro,Haddad
Bolsonaro,Alckmin,Ciro,Haddad
Bolsonaro,Alckmin,Ciro,Haddad
Bolsonaro,Alckmin,Ciro,Haddad
Bolsonaro,Alckmin,Ciro,Haddad
Bolsonaro,Alckmin,Ciro,Haddad
Bolsonaro,Alckmin,Ciro,Haddad
Bolsonaro,Alckmin,Ciro,Haddad
Bolsonaro,Alckmin,Ciro,Haddad
Bolsonaro,Alckmin,Ciro,Haddad
Bolsonaro,Alckmin,Ciro,Haddad
Bolsonaro,Alckmin,Ciro,Haddad
Bolsonaro,Alckmin,Ciro,Haddad
Bolsonaro,Alckmin,Ciro,Haddad
Bolsonaro,Alckmin,Ciro,Haddad
Bolsonaro,Alckmin,Ciro,Haddad
Bolsonaro,Alckmin,Ciro,Haddad
Bolsonaro,Alckmin,Ciro,Haddad
Bolsonaro,Alckmin,Ciro,Haddad
Bolsonaro,Alckmin,Ciro,Haddad
Bolsonaro,Alckmin,Ciro,Haddad
Bolsonaro,Alckmin,Ciro,Haddad
Bolsonaro,Alckmin,Ciro,Haddad
Bolsonaro,Alckmin,Ciro,Haddad
Bolsonaro,Alckmin,Ciro,Haddad
Bolsonaro,Alckmin,Ciro,Haddad
Bolsonaro,Alckmin,Ciro,Haddad
Bolsonaro,Alckmin,Ciro,Haddad
Bolsonaro,Alckmin,Ciro,Haddad
Bolsonaro,Alckmin,Ciro,Haddad
Bolsonaro,Alckmin,Ciro,Haddad
Bolsonaro,Alckmin,Ciro,Haddad
Bolsonaro,Alckmin,Ciro,Haddad
Bolsonaro,Alckmin,Ciro,Haddad
Bolsonaro,Alckmin,Ciro,Haddad
Bolsonaro,Alckmin,Ciro,Haddad
Bolsonaro,Alckmin,Ciro,Haddad
Bolsonaro,Alckmin,Ciro,Haddad
Bolsonaro,Alckmin,Ciro,Haddad
Bolsonaro,Alckmin,Ciro,Haddad
Bolsonaro,Alckmin,Ciro,Haddad
Bolsonaro,Alckmin,Ciro,Haddad
Bolsonaro,Alckmin,Ciro,Haddad
Bolsonaro,Alckmin,Ciro,Haddad
Bolsonaro,Alckmin,Ciro,Haddad
Bolsonaro,Alckmin,Ciro,Haddad
Bolsonaro,Alckmin,Ciro,Haddad
Bolsonaro,Alckmin,Ciro,Haddad
Bolsonaro,Alckmin,Ciro,Haddad
Bolsonaro,Alckmin,Ciro,Haddad
Bolsonaro,Alckmin,Ciro,Haddad
Bolsonaro,Alckmin,Ciro,Haddad
Bolsonaro,Alckmin,Ciro,Haddad
Bolsonaro,Alckmin,Ciro,Haddad
Bolsonaro,Alckmin,Ciro,Haddad
Bolsonaro,Alckmin,Ciro,Haddad
Bolsonaro,Alckmin,Ciro,Haddad
Bolsonaro,Alckmin,Ciro,Haddad
Bolsonaro,Alckmin,Ciro,Haddad
Bolsonaro,Alckmin,Ciro,Haddad
Bolsonaro,Alckmin,Ciro,Haddad
Bolsonaro,Alckmin,Ciro,Haddad
Bolsonaro,Alckmin,Ciro,Haddad
Bolsonaro,Alckmin,Ciro,Haddad
Bolsonaro,Alckmin,Ciro,Haddad
Bolsonaro,Alckmin,Ciro,Haddad
Bolsonaro,Alckmin,Ciro,Haddad
Bolsonaro,Alckmin,Ciro,Haddad
Bolsonaro,Alckmin,Ciro,Haddad
Bolsonaro,Alckmin,Ciro,Haddad
Bolsonaro,Alckmin,Ciro,Haddad
Bolsonaro,Alckmin,Ciro,Haddad
Bolsonaro,Alckmin,Ciro,Haddad
Bolsonaro,Alckmin,Ciro,Haddad
Bolsonaro,Alckmin,Ciro,Haddad
Bolsonaro,Alckmin,Ciro,Haddad
Bolsonaro,Alckmin,Ciro,Haddad
Bolsonaro,Alckmin,Ciro,Haddad
Bolsonaro,Alckmin,Ciro,Haddad
Bolsonaro,Alckmin,Ciro,Haddad
Bolsonaro,Alckmin,Ciro,Haddad
Bolsonaro,Alckmin,Ciro,Haddad
Bolsonaro,Alckmin,Ciro,Haddad
Bolsonaro,Alckmin,Ciro,Haddad
Bolsonaro,Alckmin,Ciro,Haddad
Bolsonaro,Alckmin,Ciro,Haddad
Bolsonaro,Alckmin,Ciro,Haddad
Bolsonaro,Alckmin,Ciro,Haddad
Bolsonaro,Alckmin,Ciro,Haddad
Bolsonaro,Alckmin,Ciro,Haddad
Bolsonaro,Alckmin,Ciro,Haddad
Bolsonaro,Alckmin,Ciro,Haddad
Bolsonaro,Alckmin,Ciro,Haddad
Bolsonaro,Alckmin,Ciro,Haddad
Bolsonaro,Alckmin,Ciro,Haddad
Bolsonaro,Alckmin,Ciro,Haddad
Bolsonaro,Alckmin,Ciro,Haddad
Bolsonaro,Alckmin,Ciro,Haddad
Bolsonaro,Alckmin,Ciro,Haddad
Bolsonaro,Alckmin,Ciro,Haddad
Bolsonaro,Alckmin,Ciro,Haddad
Bolsonaro,Alckmin,Ciro,Haddad
Bolsonaro,Alckmin,Ciro,Haddad
Bolsonaro,Alckmin,Ciro,Haddad
Bolsonaro,Alckmin,Ciro,Haddad
Bolsonaro,Alckmin,Ciro,Haddad
Bolsonaro,Alckmin,Ciro,Haddad
Bolsonaro,Alckmin,Ciro,Haddad
Bolsonaro,Alckmin,Ciro,Haddad
Bolsonaro,Alckmin,Ciro,Haddad
Bolsonaro,Alckmin,Ciro,Haddad
Bolsonaro,Alckmin,Ciro,Haddad
Bolsonaro,Alckmin,Ciro,Haddad
Bolsonaro,Alckmin,Ciro,Haddad
Bolsonaro,Alckmin,Ciro,Haddad
Bolsonaro,Alckmin,Ciro,Haddad
Bolsonaro,Alckmin,Ciro,Haddad
Bolsonaro,Alckmin,Ciro,Haddad
Bolsonaro,Alckmin,Ciro,Haddad
Bolsonaro,Alckmin,Ciro,Haddad
Bolsonaro,Alckmin,Ciro,Haddad
Bolsonaro,Alckmin,Ciro,Haddad
Bolsonaro,Alckmin,Ciro,Haddad
Bolsonaro,Alckmin,Ciro,Haddad
Bolsonaro,Alckmin,Ciro,Haddad
Bolsonaro,Alckmin,Ciro,Haddad
Bolsonaro,Alckmin,Ciro,Haddad
Bolsonaro,Alckmin,Ciro,Haddad
Bolsonaro,Alckmin,Ciro,Haddad
Bolsonaro,Alckmin,Ciro,Haddad
Bolsonaro,Alckmin,Ciro,Haddad
Bolsonaro,Alckmin,Ciro,Haddad
Bolsonaro,Alckmin,Ciro,Haddad
Bolsonaro,Alckmin,Ciro,Haddad
Bolsonaro,Alckmin,Ciro,Haddad
Bolsonaro,Alckmin,Ciro,Haddad
Bolsonaro,Alckmin,Ciro,Haddad
Bolsonaro,Alckmin,Ciro,Haddad
Bolsonaro,Alckmin,Ciro,Haddad
Bolsonaro,Alckmin,Ciro,Haddad
Bolsonaro,Alckmin,Ciro,Haddad
Bolsonaro,Alckmin,Ciro,Haddad
Bolsonaro,Alckmin,Ciro,Haddad
Bolsonaro,Alckmin,Ciro,Haddad
Bolsonaro,Alckmin,Ciro,Haddad
Bolsonaro,Alckmin,Ciro,Haddad
Bolsonaro,Alckmin,Ciro,Haddad
Bolsonaro,Alckmin,Ciro,Haddad
Bolsonaro,Alckmin,Ciro,Haddad
Bolsonaro,Alckmin,Ciro,Haddad
Bolsonaro,Alckmin,Ciro,Haddad
Bolsonaro,Alckmin,Ciro,Haddad
Bolsonaro,Alckmin,Ciro,Haddad
Bolsonaro,Alckmin,Ciro,Haddad
Bolsonaro,Alckmin,Ciro,Haddad
Bolsonaro,Alckmin,Ciro,Haddad
Bolsonaro,Alckmin,Ciro,Haddad
Bolsonaro,Alckmin,Ciro,Haddad
Bolsonaro,Alckmin,Ciro,Haddad
Bolsonaro,Alckmin,Ciro,Haddad
Bolsonaro,Alckmin,Ciro,Haddad
Bolsonaro,Alckmin,Ciro,Haddad
Bolsonaro,Alckmin,Ciro,Haddad
Bolsonaro,Alckmin,Ciro,Haddad
Bolsonaro,Alckmin,Ciro,Haddad
Bolsonaro,Alckmin,Ciro,Haddad
Bolsonaro,Alckmin,Ciro,Haddad
Bolsonaro,Alckmin,Ciro,Haddad
Bolsonaro,Alckmin,Ciro,Haddad
Bolsonaro,Alckmin,Ciro,Haddad
Bolsonaro,Alckmin,Ciro,Haddad
Bolsonaro,Alckmin,Ciro,Haddad
Bolsonaro,Alckmin,Ciro,Haddad
Bolsonaro,Alckmin,Ciro,Haddad
Bolsonaro,Alckmin,Ciro,Haddad
Bolsonaro,Alckmin,Ciro,Haddad
Bolsonaro,Alckmin,Ciro,Haddad
Bolsonaro,Alckmin,Ciro,Haddad
Bolsonaro,Alckmin,Ciro,Haddad
Bolsonaro,Alckmin,Ciro,Haddad
Bolsonaro,Alckmin,Ciro,Haddad
Bolsonaro,Alckmin,Ciro,Haddad
Bolsonaro,Alckmin,Ciro,Haddad
Bolsonaro,Alckmin,Ciro,Haddad
Bolsonaro,Alckmin,Ciro,Haddad
Bolsonaro,Alckmin,Ciro,Haddad
Bolsonaro,Alckmin,Ciro,Haddad
Bolsonaro,Alckmin,Ciro,Haddad
Bolsonaro,Alckmin,Ciro,Haddad
Bolsonaro,Alckmin,Ciro,Haddad
Bolsonaro,Alckmin,Ciro,Haddad
Bolsonaro,Alckmin,Ciro,Haddad
Bolsonaro,Alckmin,Ciro,Haddad
Bolsonaro,Alckmin,Ciro,Haddad
Bolsonaro,Alckmin,Ciro,Haddad
Bolsonaro,Alckmin,Ciro,Haddad
Bolsonaro,Alckmin,Ciro,Haddad
Bolsonaro,Alckmin,Ciro,Haddad
Bolsonaro,Alckmin,Ciro,Haddad
Bolsonaro,Alckmin,Ciro,Haddad
Bolsonaro,Alckmin,Ciro,Haddad
Bolsonaro,Alckmin,Ciro,Haddad
Bolsonaro,Alckmin,Ciro,Haddad
Bolsonaro,Alckmin,Ciro,Haddad
Bolsonaro,Alckmin,Ciro,Haddad
Bolsonaro,Alckmin,Ciro,Haddad
Bolsonaro,Alckmin,Ciro,Haddad
Bolsonaro,Alckmin,Ciro,Haddad
Bolsonaro,Alckmin,Ciro,Haddad
Bolsonaro,Alckmin,Ciro,Haddad
Bolsonaro,Alckmin,Ciro,Haddad
Bolsonaro,Alckmin,Ciro,Haddad
Bolsonaro,Alckmin,Ciro,Haddad
Bolsonaro,Alckmin,Ciro,Haddad
Bolsonaro,Alckmin,Ciro,Haddad
Bolsonaro,Alckmin,Ciro,Haddad
Bolsonaro,Alckmin,Ciro,Haddad
Bolsonaro,Alckmin,Ciro,Haddad
Bolsonaro,Alckmin,Ciro,Haddad
Bolsonaro,Alckmin,Ciro,Haddad
Bolsonaro,Alckmin,Ciro,Haddad
Bolsonaro,Alckmin,Ciro,Haddad
Bolsonaro,Alckmin,Ciro,Haddad
Bolsonaro,Alckmin,Ciro,Haddad
Bolsonaro,Alckmin,Ciro,Haddad
Bolsonaro,Alckmin,Ciro,Haddad
Bolsonaro,Alckmin,Ciro,Haddad
Bolsonaro,Alckmin,Ciro,Haddad
Bolsonaro,Alckmin,Ciro,Haddad
Bolsonaro,Alckmin,Ciro,Haddad
Bolsonaro,Alckmin,Ciro,Haddad
Bolsonaro,Alckmin,Ciro,Haddad
Bolsonaro,Alckmin,Ciro,Haddad
Bolsonaro,Alckmin,Ciro,Haddad
Bolsonaro,Alckmin,Ciro,Haddad
Bolsonaro,Alckmin,Ciro,Haddad
Bolsonaro,Alckmin,Ciro,Haddad
Bolsonaro,Alckmin,Ciro,Haddad
Bolsonaro,Alckmin,Ciro,Haddad
Bolsonaro,Alckmin,Ciro,Haddad
Bolsonaro,Alckmin,Ciro,Haddad
Bolsonaro,Alckmin,Ciro,Haddad
Bolsonaro,Alckmin,Ciro,Haddad
Bolsonaro,Alckmin,Ciro,Haddad
Bolsonaro,Alckmin,Ciro,Haddad
Bolsonaro,Alckmin,Ciro,Haddad
Bolsonaro,Alckmin,Ciro,Haddad
Bolsonaro,Alckmin,Ciro,Haddad
Bolsonaro,Alckmin,Ciro,Haddad
Bolsonaro,Alckmin,Ciro,Haddad
Bolsonaro,Alckmin,Ciro,Haddad
Bolsonaro,Alckmin,Ciro,Haddad
Bolsonaro,Alckmin,Ciro,Haddad
Bolsonaro,Alckmin,Ciro,Haddad
Bolsonaro,Alckmin,Ciro,Haddad
Bolsonaro,Alckmin,Ciro,Haddad
Bolsonaro,Alckmin,Ciro,Haddad
Bolsonaro,Alckmin,Ciro,Haddad
Bolsonaro,Alckmin,Ciro,Haddad
Bolsonaro,Alckmin,Ciro,Haddad
Bolsonaro,Alckmin,Ciro,Haddad
Bolsonaro,Alckmin,Ciro,Haddad
Bolsonaro,Alckmin,Ciro,Haddad
Bolsonaro,Alckmin,Ciro,Haddad
Bolsonaro,Alckmin,Ciro,Haddad
Bolsonaro,Alckmin,Ciro,Haddad
Bolsonaro,Alckmin,Ciro,Haddad
Bolsonaro,Alckmin,Ciro,Haddad
Bolsonaro,Alckmin,Ciro,Haddad
Bolsonaro,Alckmin,Ciro,Haddad
Bolsonaro,Alckmin,Ciro,Haddad
Bolsonaro,Alckmin,Ciro,Haddad
Bolsonaro,Alckmin,Ciro,Haddad
Bolsonaro,Alckmin,Ciro,Haddad
Bolsonaro,Alckmin,Ciro,Haddad
Bolsonaro,Alckmin,Ciro,Haddad
Bolsonaro,Alckmin,Ciro,Haddad
Bolsonaro,Alckmin,Ciro,Haddad
Bolsonaro,Alckmin,Ciro,Haddad
Bolsonaro,Alckmin,Ciro,Haddad
Bolsonaro,Alckmin,Ciro,Haddad
Bolsonaro,Alckmin,Ciro,Haddad
Bolsonaro,Alckmin,Ciro,Haddad
Bolsonaro,Alckmin,Ciro,Haddad
Bolsonaro,Alckmin,Ciro,Haddad
Bolsonaro,Alckmin,Ciro,Haddad
Bolsonaro,Alckmin,Ciro,Haddad
Bolsonaro,Alckmin,Ciro,Haddad
Bolsonaro,Alckmin,Ciro,Haddad
Bolsonaro,Alckmin,Ciro,Haddad
Bolsonaro,Alckmin,Ciro,Haddad
Bolsonaro,Alckmin,Ciro,Haddad
Bolsonaro,Alckmin,Ciro,Haddad
Bolsonaro,Alckmin,Ciro,Haddad
Bolsonaro,Alckmin,Ciro,Haddad
Bolsonaro,Alckmin,Ciro,Haddad
Bolsonaro,Alckmin,Ciro,Haddad
Bolsonaro,Alckmin,Ciro,Haddad
Bolsonaro,Alckmin,Ciro,Haddad
Bolsonaro,Alckmin,Ciro,Haddad
Bolsonaro,Alckmin,Ciro,Haddad
Bolsonaro,Alckmin,Ciro,Haddad
Bolsonaro,Alckmin,Ciro,Haddad
Bolsonaro,Alckmin,Ciro,Haddad
Bolsonaro,Alckmin,Ciro,Haddad
Bolsonaro,Alckmin,Ciro,Haddad
Bolsonaro,Alckmin,Ciro,Haddad
Bolsonaro,Alckmin,Ciro,Haddad
Bolsonaro,Alckmin,Ciro,Haddad
Bolsonaro,Alckmin,Ciro,Haddad
Bolsonaro,Alckmin,Ciro,Haddad
Bolsonaro,Alckmin,Ciro,Haddad
Bolsonaro,Alckmin,Ciro,Haddad
Bolsonaro,Alckmin,Ciro,Haddad
Bolsonaro,Alckmin,Ciro,Haddad
Bolsonaro,Alckmin,Ciro,Haddad
Bolsonaro,Alckmin,Ciro,Haddad
Bolsonaro,Alckmin,Ciro,Haddad
Bolsonaro,Alckmin,Ciro,Haddad
Bolsonaro,Alckmin,Ciro,Haddad
Bolsonaro,Alckmin,Ciro,Haddad
Bolsonaro,Alckmin,Ciro,Haddad
Bolsonaro,Alckmin,Ciro,Haddad
Bolsonaro,Alckmin,Ciro,Haddad
Bolsonaro,Alckmin,Ciro,Haddad
Bolsonaro,Alckmin,Ciro,Haddad
Bolsonaro,Alckmin,Ciro,Haddad
Bolsonaro,Alckmin,Ciro,Haddad
Bolsonaro,Alckmin,Ciro,Haddad
Bolsonaro,Alckmin,Ciro,Haddad
Bolsonaro,Alckmin,Ciro,Haddad
Bolsonaro,Alckmin,Ciro,Haddad
Bolsonaro,Alckmin,Ciro,Haddad
Bolsonaro,Alckmin,Ciro,Haddad
Bolsonaro,Alckmin,Ciro,Haddad
Bolsonaro,Alckmin,Ciro,Haddad
Bolsonaro,Alckmin,Ciro,Haddad
Bolsonaro,Alckmin,Ciro,Haddad
Bolsonaro,Alckmin,Ciro,Haddad
Bolsonaro,Alckmin,Ciro,Haddad
Bolsonaro,Alckmin,Ciro,Haddad
Bolsonaro,Alckmin,Ciro,Haddad
Bolsonaro,Alckmin,Ciro,Haddad
Bolsonaro,Alckmin,Ciro,Haddad
Bolsonaro,Alckmin,Ciro,Haddad
Bolsonaro,Alckmin,Ciro,Haddad
Bolsonaro,Alckmin,Ciro,Haddad
Bolsonaro,Alckmin,Ciro,Haddad
Bolsonaro,Alckmin,Ciro,Haddad
Bolsonaro,Alckmin,Ciro,Haddad
Bolsonaro,Alckmin,Ciro,Haddad
Bolsonaro,Alckmin,Ciro,Haddad
Bolsonaro,Alckmin,Ciro,Haddad
Bolsonaro,Alckmin,Ciro,Haddad
Bolsonaro,Alckmin,Ciro,Haddad
Bolsonaro,Alckmin,Ciro,Haddad
Bolsonaro,Alckmin,Ciro,Haddad
Bolsonaro,Alckmin,Ciro,Haddad
Bolsonaro,Alckmin,Ciro,Haddad
Bolsonaro,Alckmin,Ciro,Haddad
Bolsonaro,Alckmin,Ciro,Haddad
Bolsonaro,Alckmin,Ciro,Haddad
Bolsonaro,Alckmin,Ciro,Haddad
Bolsonaro,Alckmin,Ciro,Haddad
Bolsonaro,Alckmin,Ciro,Haddad
Bolsonaro,Alckmin,Ciro,Haddad
Bolsonaro,Alckmin,Ciro,Haddad
Bolsonaro,Alckmin,Ciro,Haddad
Bolsonaro,Alckmin,Ciro,Haddad
Bolsonaro,Alckmin,Ciro,Haddad
Bolsonaro,Alckmin,Ciro,Haddad
Bolsonaro,Alckmin,Ciro,Haddad
Bolsonaro,Alckmin,Ciro,Haddad
Bolsonaro,Alckmin,Ciro,Haddad
Bolsonaro,Alckmin,Ciro,Haddad
Bolsonaro,Alckmin,Ciro,Haddad
Bolsonaro,Alckmin,Ciro,Haddad
Bolsonaro,Alckmin,Ciro,Haddad
Bolsonaro,Alckmin,Ciro,Haddad
Bolsonaro,Alckmin,Ciro,Haddad
Bolsonaro,Alckmin,Ciro,Haddad
Bolsonaro,Alckmin,Ciro,Haddad
Bolsonaro,Alckmin,Ciro,Haddad
Bolsonaro,Alckmin,Ciro,Haddad
Bolsonaro,Alckmin,Ciro,Haddad
Bolsonaro,Alckmin,Ciro,Haddad
Bolsonaro,Alckmin,Ciro,Haddad
Bolsonaro,Alckmin,Ciro,Haddad
Bolsonaro,Alckmin,Ciro,Haddad
Bolsonaro,Alckmin,Ciro,Haddad
Bolsonaro,Alckmin,Ciro,Haddad
Bolsonaro,Alckmin,Ciro,Haddad
Bolsonaro,Alckmin,Ciro,Haddad
Bolsonaro,Alckmin,Ciro,Haddad
Bolsonaro,Alckmin,Ciro,Haddad
Bolsonaro,Alckmin,Ciro,Haddad
Bolsonaro,Alckmin,Ciro,Haddad
Bolsonaro,Alckmin,Ciro,Haddad
Bolsonaro,Ciro,Alckmin,Haddad
Bolsonaro,Ciro,Alckmin,Haddad
Bolsonaro,Ciro,Alckmin,Haddad
Bolsonaro,Ciro,Alckmin,Haddad
Bolsonaro,Ciro,Alckmin,Haddad
Bolsonaro,Ciro,Alckmin,Haddad
Bolsonaro,Ciro,Alckmin,Haddad
Bolsonaro,Ciro,Alckmin,Haddad
Bolsonaro,Ciro,Alckmin,Haddad
Bolsonaro,Ciro,Alckmin,Haddad
Bolsonaro,Ciro,Alckmin,Haddad
Bolsonaro,Ciro,Alckmin,Haddad
Bolsonaro,Ciro,Alckmin,Haddad
Bolsonaro,Ciro,Alckmin,Haddad
Bolsonaro,Ciro,Alckmin,Haddad
Bolsonaro,Ciro,Alckmin,Haddad
Bolsonaro,Ciro,Alckmin,Haddad
Bolsonaro,Ciro,Alckmin,Haddad
Bolsonaro,Ciro,Alckmin,Haddad
Bolsonaro,Ciro,Alckmin,Haddad
Bolsonaro,Ciro,Alckmin,Haddad
Bolsonaro,Ciro,Alckmin,Haddad
Bolsonaro,Ciro,Alckmin,Haddad
Bolsonaro,Ciro,Alckmin,Haddad
Bolsonaro,Ciro,Alckmin,Haddad
Bolsonaro,Ciro,Alckmin,Haddad
Bolsonaro,Ciro,Alckmin,Haddad
Bolsonaro,Ciro,Alckmin,Haddad
Bolsonaro,Ciro,Alckmin,Haddad
Bolsonaro,Ciro,Alckmin,Haddad
Bolsonaro,Ciro,Alckmin,Haddad
Bolsonaro,Ciro,Alckmin,Haddad
Bolsonaro,Ciro,Alckmin,Haddad
Bolsonaro,Ciro,Alckmin,Haddad
Bolsonaro,Ciro,Alckmin,Haddad
Bolsonaro,Ciro,Alckmin,Haddad
Bolsonaro,Ciro,Alckmin,Haddad
Bolsonaro,Ciro,Alckmin,Haddad
Bolsonaro,Ciro,Alckmin,Haddad
Bolsonaro,Ciro,Alckmin,Haddad
Bolsonaro,Ciro,Alckmin,Haddad
Bolsonaro,Ciro,Alckmin,Haddad
Bolsonaro,Ciro,Alckmin,Haddad
Bolsonaro,Ciro,Alckmin,Haddad
Bolsonaro,Ciro,Alckmin,Haddad
Bolsonaro,Ciro,Alckmin,Haddad
Bolsonaro,Ciro,Alckmin,Haddad
Bolsonaro,Ciro,Alckmin,Haddad
Bolsonaro,Ciro,Alckmin,Haddad
Bolsonaro,Ciro,Alckmin,Haddad
Bolsonaro,Ciro,Alckmin,Haddad
Bolsonaro,Ciro,Alckmin,Haddad
Bolsonaro,Ciro,Alckmin,Haddad
Bolsonaro,Ciro,Alckmin,Haddad
Bolsonaro,Ciro,Alckmin,Haddad
Bolsonaro,Ciro,Alckmin,Haddad
Bolsonaro,Ciro,Alckmin,Haddad
Bolsonaro,Ciro,Alckmin,Haddad
Bolsonaro,Ciro,Alckmin,Haddad
Bolsonaro,Ciro,Alckmin,Haddad
Bolsonaro,Ciro,Alckmin,Haddad
Bolsonaro,Ciro,Alckmin,Haddad
Bolsonaro,Ciro,Alckmin,Haddad
Bolsonaro,Ciro,Alckmin,Haddad
Bolsonaro,Ciro,Alckmin,Haddad
Bolsonaro,Ciro,Alckmin,Haddad
Bolsonaro,Ciro,Alckmin,Haddad
Bolsonaro,Ciro,Alckmin,Haddad
Bolsonaro,Ciro,Alckmin,Haddad
Bolsonaro,Ciro,Alckmin,Haddad
Bolsonaro,Ciro,Alckmin,Haddad
Bolsonaro,Ciro,Alckmin,Haddad
Bolsonaro,Ciro,Alckmin,Haddad
Bolsonaro,Ciro,Alckmin,Haddad
Bolsonaro,Ciro,Alckmin,Haddad
Bolsonaro,Ciro,Alckmin,Haddad
Bolsonaro,Ciro,Alckmin,Haddad
Bolsonaro,Ciro,Alckmin,Haddad
Bolsonaro,Ciro,Alckmin,Haddad
Bolsonaro,Ciro,Alckmin,Haddad
Bolsonaro,Ciro,Alckmin,Haddad
Bolsonaro,Ciro,Alckmin,Haddad
Bolsonaro,Ciro,Alckmin,Haddad
Bolsonaro,Ciro,Alckmin,Haddad
Bolsonaro,Ciro,Alckmin,Haddad
Bolsonaro,Ciro,Alckmin,Haddad
Bolsonaro,Ciro,Alckmin,Haddad
Bolsonaro,Ciro,Alckmin,Haddad
Bolsonaro,Ciro,Alckmin,Haddad
Bolsonaro,Ciro,Alckmin,Haddad
Bolsonaro,Ciro,Alckmin,Haddad
Bolsonaro,Ciro,Alckmin,Haddad
Bolsonaro,Ciro,Alckmin,Haddad
Bolsonaro,Ciro,Alckmin,Haddad
Bolsonaro,Ciro,Alckmin,Haddad
Bolsonaro,Ciro,Alckmin,Haddad
Bolsonaro,Ciro,Alckmin,Haddad
Bolsonaro,Ciro,Alckmin,Haddad
Bolsonaro,Ciro,Alckmin,Haddad
Bolsonaro,Ciro,Alckmin,Haddad
Bolsonaro,Ciro,Alckmin,Haddad
Bolsonaro,Ciro,Alckmin,Haddad
Bolsonaro,Ciro,Alckmin,Haddad
Bolsonaro,Ciro,Alckmin,Haddad
Bolsonaro,Ciro,Alckmin,Haddad
Bolsonaro,Ciro,Alckmin,Haddad
Bolsonaro,Ciro,Alckmin,Haddad
Bolsonaro,Ciro,Alckmin,Haddad
Bolsonaro,Ciro,Alckmin,Haddad
Bolsonaro,Ciro,Alckmin,Haddad
Bolsonaro,Ciro,Alckmin,Haddad
Bolsonaro,Ciro,Alckmin,Haddad
Bolsonaro,Ciro,Alckmin,Haddad
Bolsonaro,Ciro,Alckmin,Haddad
Bolsonaro,Ciro,Alckmin,Haddad
Bolsonaro,Ciro,Alckmin,Haddad
Bolsonaro,Ciro,Alckmin,Haddad
Bolsonaro,Ciro,Alckmin,Haddad
Bolsonaro,Ciro,Alckmin,Haddad
Bolsonaro,Ciro,Alckmin,Haddad
Bolsonaro,Ciro,Alckmin,Haddad
Bolsonaro,Ciro,Alckmin,Haddad
Bolsonaro,Ciro,Alckmin,Haddad
Bolsonaro,Ciro,Alckmin,Haddad
Bolsonaro,Ciro,Alckmin,Haddad
Bolsonaro,Ciro,Alckmin,Haddad
Bolsonaro,Ciro,Alckmin,Haddad
Bolsonaro,Ciro,Alckmin,Haddad
Bolsonaro,Ciro,Alckmin,Haddad
Bolsonaro,Ciro,Alckmin,Haddad
Bolsonaro,Ciro,Alckmin,Haddad
Bolsonaro,Ciro,Alckmin,Haddad
Bolsonaro,Ciro,Alckmin,Haddad
Bolsonaro,Ciro,Alckmin,Haddad
Bolsonaro,Ciro,Alckmin,Haddad
Bolsonaro,Ciro,Alckmin,Haddad
Bolsonaro,Ciro,Alckmin,Haddad
Bolsonaro,Ciro,Alckmin,Haddad
Bolsonaro,Ciro,Alckmin,Haddad
Bolsonaro,Ciro,Alckmin,Haddad
Bolsonaro,Ciro,Alckmin,Haddad
Bolsonaro,Ciro,Alckmin,Haddad
Bolsonaro,Ciro,Alckmin,Haddad
Bolsonaro,Ciro,Alckmin,Haddad
Bolsonaro,Ciro,Alckmin,Haddad
Bolsonaro,Ciro,Alckmin,Haddad
Bolsonaro,Ciro,Alckmin,Haddad
Bolsonaro,Ciro,Alckmin,Haddad
Bolsonaro,Ciro,Alckmin,Haddad
Bolsonaro,Ciro,Alckmin,Haddad
Bolsonaro,Ciro,Alckmin,Haddad
Bolsonaro,Ciro,Alckmin,Haddad
Bolsonaro,Ciro,Alckmin,Haddad
Bolsonaro,Ciro,Alckmin,Haddad
Bolsonaro,Ciro,Alckmin,Haddad
Bolsonaro,Ciro,Alckmin,Haddad
Bolsonaro,Ciro,Alckmin,Haddad
Bolsonaro,Ciro,Alckmin,Haddad
Bolsonaro,Ciro,Alckmin,Haddad
Bolsonaro,Ciro,Alckmin,Haddad
Bolsonaro,Ciro,Alckmin,Haddad
Bolsonaro,Ciro,Alckmin,Haddad
Bolsonaro,Ciro,Alckmin,Haddad
Bolsonaro,Ciro,Alckmin,Haddad
Bolsonaro,Ciro,Alckmin,Haddad
Bolsonaro,Ciro,Alckmin,Haddad
Bolsonaro,Ciro,Alckmin,Haddad
Bolsonaro,Ciro,Alckmin,Haddad
Bolsonaro,Ciro,Alckmin,Haddad
Bolsonaro,Ciro,Alckmin,Haddad
Bolsonaro,Ciro,Alckmin,Haddad
Bolsonaro,Ciro,Alckmin,Haddad
Bolsonaro,Ciro,Alckmin,Haddad
Bolsonaro,Ciro,Alckmin,Haddad
Bolsonaro,Ciro,Alckmin,Haddad
Bolsonaro,Ciro,Alckmin,Haddad
Bolsonaro,Ciro,Alckmin,Haddad
Bolsonaro,Ciro,Alckmin,Haddad
Bolsonaro,Ciro,Alckmin,Haddad
Bolsonaro,Ciro,Alckmin,Haddad
Bolsonaro,Ciro,Alckmin,Haddad
Bolsonaro,Ciro,Alckmin,Haddad
Bolsonaro,Ciro,Alckmin,Haddad
Bolsonaro,Ciro,Alckmin,Haddad
Bolsonaro,Ciro,Alckmin,Haddad
Bolsonaro,Ciro,Alckmin,Haddad
Bolsonaro,Ciro,Alckmin,Haddad
Bolsonaro,Ciro,Alckmin,Haddad
Bolsonaro,Ciro,Alckmin,Haddad
Bolsonaro,Ciro,Alckmin,Haddad
Bolsonaro,Ciro,Alckmin,Haddad
Bolsonaro,Ciro,Alckmin,Haddad
Bolsonaro,Ciro,Alckmin,Haddad
Bolsonaro,Ciro,Alckmin,Haddad
Bolsonaro,Ciro,Alckmin,Haddad
Bolsonaro,Ciro,Alckmin,Haddad
Bolsonaro,Ciro,Alckmin,Haddad
Bolsonaro,Ciro,Alckmin,Haddad
Bolsonaro,Ciro,Alckmin,Haddad
Bolsonaro,Ciro,Alckmin,Haddad
Bolsonaro,Ciro,Alckmin,Haddad
Bolsonaro,Ciro,Alckmin,Haddad
Bolsonaro,Ciro,Alckmin,Haddad
Bolsonaro,Ciro,Alckmin,Haddad
Bolsonaro,Ciro,Alckmin,Haddad
Bolsonaro,Ciro,Alckmin,Haddad
Bolsonaro,Ciro,Alckmin,Haddad
Bolsonaro,Ciro,Alckmin,Haddad
Bolsonaro,Ciro,Alckmin,Haddad
Bolsonaro,Ciro,Alckmin,Haddad
Bolsonaro,Ciro,Alckmin,Haddad
Bolsonaro,Ciro,Alckmin,Haddad
Bolsonaro,Ciro,Alckmin,Haddad
Bolsonaro,Ciro,Alckmin,Haddad
Bolsonaro,Ciro,Alckmin,Haddad
Bolsonaro,Ciro,Alckmin,Haddad
Bolsonaro,Ciro,Alckmin,Haddad
Bolsonaro,Ciro,Alckmin,Haddad
Bolsonaro,Ciro,Alckmin,Haddad
Bolsonaro,Ciro,Alckmin,Haddad
Bolsonaro,Ciro,Alckmin,Haddad
Bolsonaro,Ciro,Alckmin,Haddad
Bolsonaro,Ciro,Alckmin,Haddad
Bolsonaro,Ciro,Alckmin,Haddad
Bolsonaro,Ciro,Alckmin,Haddad
Bolsonaro,Ciro,Alckmin,Haddad
Bolsonaro,Ciro,Alckmin,Haddad
Bolsonaro,Ciro,Alckmin,Haddad
Bolsonaro,Ciro,Alckmin,Haddad
Bolsonaro,Ciro,Alckmin,Haddad
Bolsonaro,Ciro,Alckmin,Haddad
Bolsonaro,Ciro,Alckmin,Haddad
Bolsonaro,Ciro,Alckmin,Haddad
Bolsonaro,Ciro,Alckmin,Haddad
Bolsonaro,Ciro,Alckmin,Haddad
Bolsonaro,Ciro,Alckmin,Haddad
Bolsonaro,Ciro,Alckmin,Haddad
Bolsonaro,Ciro,Alckmin,Haddad
Bolsonaro,Ciro,Alckmin,Haddad
Bolsonaro,Ciro,Alckmin,Haddad
Bolsonaro,Ciro,Alckmin,Haddad
Bolsonaro,Ciro,Alckmin,Haddad
Bolsonaro,Ciro,Alckmin,Haddad
Bolsonaro,Ciro,Alckmin,Haddad
Bolsonaro,Ciro,Alckmin,Haddad
Bolsonaro,Ciro,Alckmin,Haddad
Bolsonaro,Ciro,Alckmin,Haddad
Bolsonaro,Ciro,Alckmin,Haddad
Bolsonaro,Ciro,Alckmin,Haddad
Bolsonaro,Ciro,Alckmin,Haddad
Bolsonaro,Ciro,Alckmin,Haddad
Bolsonaro,Ciro,Alckmin,Haddad
Bolsonaro,Ciro,Alckmin,Haddad
Bolsonaro,Ciro,Alckmin,Haddad
Bolsonaro,Ciro,Alckmin,Haddad
Bolsonaro,Ciro,Alckmin,Haddad
Bolsonaro,Ciro,Alckmin,Haddad
Bolsonaro,Ciro,Alckmin,Haddad
Bolsonaro,Ciro,Alckmin,Haddad
Bolsonaro,Ciro,Alckmin,Haddad
Bolsonaro,Ciro,Alckmin,Haddad
Bolsonaro,Ciro,Alckmin,Haddad
Bolsonaro,Ciro,Alckmin,Haddad
Bolsonaro,Ciro,Alckmin,Haddad
Bolsonaro,Ciro,Alckmin,Haddad
Bolsonaro,Ciro,Alckmin,Haddad
Bolsonaro,Ciro,Alckmin,Haddad
Bolsonaro,Ciro,Alckmin,Haddad
Bolsonaro,Ciro,Alckmin,Haddad
Bolsonaro,Ciro,Alckmin,Haddad
Bolsonaro,Ciro,Alckmin,Haddad
Bolsonaro,Ciro,Alckmin,Haddad
Bolsonaro,Ciro,Alckmin,Haddad
Bolsonaro,Ciro,Alckmin,Haddad
Bolsonaro,Ciro,Alckmin,Haddad
Bolsonaro,Ciro,Alckmin,Haddad
Bolsonaro,Ciro,Alckmin,Haddad
Bolsonaro,Ciro,Alckmin,Haddad
Bolsonaro,Ciro,Alckmin,Haddad
Bolsonaro,Ciro,Alckmin,Haddad
Bolsonaro,Ciro,Alckmin,Haddad
Bolsonaro,Ciro,Alckmin,Haddad
Bolsonaro,Ciro,Alckmin,Haddad
Bolsonaro,Ciro,Alckmin,Haddad
Bolsonaro,Ciro,Alckmin,Haddad
Bolsonaro,Ciro,Alckmin,Haddad
Bolsonaro,Ciro,Alckmin,Haddad
Bolsonaro,Ciro,Alckmin,Haddad
Bolsonaro,Ciro,Alckmin,Haddad
Bolsonaro,Ciro,Alckmin,Haddad
Bolsonaro,Ciro,Alckmin,Haddad
Bolsonaro,Ciro,Alckmin,Haddad
Bolsonaro,Ciro,Alckmin,Haddad
Bolsonaro,Ciro,Alckmin,Haddad
Bolsonaro,Ciro,Alckmin,Haddad
Bolsonaro,Ciro,Alckmin,Haddad
Bolsonaro,Ciro,Alckmin,Haddad
Bolsonaro,Ciro,Alckmin,Haddad
Bolsonaro,Ciro,Alckmin,Haddad
Bolsonaro,Ciro,Alckmin,Haddad
Bolsonaro,Ciro,Alckmin,Haddad
Bolsonaro,Ciro,Alckmin,Haddad
Bolsonaro,Ciro,Alckmin,Haddad
Bolsonaro,Ciro,Alckmin,Haddad
Bolsonaro,Ciro,Alckmin,Haddad
Bolsonaro,Ciro,Alckmin,Haddad
Bolsonaro,Ciro,Alckmin,Haddad
Bolsonaro,Ciro,Alckmin,Haddad
Bolsonaro,Ciro,Alckmin,Haddad
Bolsonaro,Ciro,Alckmin,Haddad
Bolsonaro,Ciro,Alckmin,Haddad
Bolsonaro,Ciro,Alckmin,Haddad
Bolsonaro,Ciro,Alckmin,Haddad
Bolsonaro,Ciro,Alckmin,Haddad
Bolsonaro,Ciro,Alckmin,Haddad
Bolsonaro,Ciro,Alckmin,Haddad
Bolsonaro,Ciro,Alckmin,Haddad
Bolsonaro,Ciro,Alckmin,Haddad
Bolsonaro,Ciro,Alckmin,Haddad
Bolsonaro,Ciro,Alckmin,Haddad
Bolsonaro,Ciro,Alckmin,Haddad
Bolsonaro,Ciro,Alckmin,Haddad
Bolsonaro,Ciro,Alckmin,Haddad
Bolsonaro,Ciro,Alckmin,Haddad
Bolsonaro,Ciro,Alckmin,Haddad
Bolsonaro,Ciro,Alckmin,Haddad
Bolsonaro,Ciro,Alckmin,Haddad
Bolsonaro,Ciro,Alckmin,Haddad
Bolsonaro,Ciro,Alckmin,Haddad
Bolsonaro,Ciro,Alckmin,Haddad
Bolsonaro,Ciro,Alckmin,Haddad
Bolsonaro,Ciro,Alckmin,Haddad
Bolsonaro,Ciro,Alckmin,Haddad
Bolsonaro,Ciro,Alckmin,Haddad
Bolsonaro,Ciro,Alckmin,Haddad
Bolsonaro,Ciro,Alckmin,Haddad
Bolsonaro,Ciro,Alckmin,Haddad
Bolsonaro,Ciro,Alckmin,Haddad
Bolsonaro,Ciro,Alckmin,Haddad
Bolsonaro,Ciro,Alckmin,Haddad
Bolsonaro,Ciro,Alckmin,Haddad
Bolsonaro,Ciro,Alckmin,Haddad
Bolsonaro,Ciro,Alckmin,Haddad
Bolsonaro,Ciro,Alckmin,Haddad
Bolsonaro,Ciro,Alckmin,Haddad
Bolsonaro,Ciro,Alckmin,Haddad
Bolsonaro,Ciro,Alckmin,Haddad
Bolsonaro,Ciro,Alckmin,Haddad
Bolsonaro,Ciro,Alckmin,Haddad
Bolsonaro,Ciro,Alckmin,Haddad
Bolsonaro,Ciro,Alckmin,Haddad
Bolsonaro,Ciro,Alckmin,Haddad
Bolsonaro,Ciro,Alckmin,Haddad
Bolsonaro,Ciro,Alckmin,Haddad
Bolsonaro,Ciro,Alckmin,Haddad
Bolsonaro,Ciro,Alckmin,Haddad
Bolsonaro,Ciro,Alckmin,Haddad
Bolsonaro,Ciro,Alckmin,Haddad
Bolsonaro,Ciro,Alckmin,Haddad
Bolsonaro,Ciro,Alckmin,Haddad
Bolsonaro,Ciro,Alckmin,Haddad
Bolsonaro,Ciro,Alckmin,Haddad
Bolsonaro,Ciro,Alckmin,Haddad
Bolsonaro,Ciro,Alckmin,Haddad
Bolsonaro,Ciro,Alckmin,Haddad
Bolsonaro,Ciro,Alckmin,Haddad
Bolsonaro,Ciro,Alckmin,Haddad
Bolsonaro,Ciro,Alckmin,Haddad
Bolsonaro,Ciro,Alckmin,Haddad
Bolsonaro,Ciro,Alckmin,Haddad
Bolsonaro,Ciro,Alckmin,Haddad
Bolsonaro,Ciro,Alckmin,Haddad
Bolsonaro,Ciro,Alckmin,Haddad
Bolsonaro,Ciro,Alckmin,Haddad
Bolsonaro,Ciro,Alckmin,Haddad
Bolsonaro,Ciro,Alckmin,Haddad
Bolsonaro,Ciro,Alckmin,Haddad
Bolsonaro,Ciro,Alckmin,Haddad
Bolsonaro,Ciro,Alckmin,Haddad
Bolsonaro,Ciro,Alckmin,Haddad
Bolsonaro,Ciro,Alckmin,Haddad
Bolsonaro,Ciro,Alckmin,Haddad
Bolsonaro,Ciro,Alckmin,Haddad
Bolsonaro,Ciro,Alckmin,Haddad
Bolsonaro,Ciro,Alckmin,Haddad
Bolsonaro,Ciro,Alckmin,Haddad
Bolsonaro,Ciro,Alckmin,Haddad
Bolsonaro,Ciro,Alckmin,Haddad
Bolsonaro,Ciro,Alckmin,Haddad
Bolsonaro,Ciro,Alckmin,Haddad
Bolsonaro,Ciro,Alckmin,Haddad
Bolsonaro,Ciro,Alckmin,Haddad
Bolsonaro,Ciro,Alckmin,Haddad
Bolsonaro,Ciro,Alckmin,Haddad
Bolsonaro,Ciro,Alckmin,Haddad
Bolsonaro,Ciro,Alckmin,Haddad
Bolsonaro,Ciro,Alckmin,Haddad
Bolsonaro,Ciro,Alckmin,Haddad
Bolsonaro,Ciro,Alckmin,Haddad
Bolsonaro,Ciro,Alckmin,Haddad
Bolsonaro,Ciro,Alckmin,Haddad
Bolsonaro,Ciro,Alckmin,Haddad
Bolsonaro,Ciro,Alckmin,Haddad
Bolsonaro,Ciro,Alckmin,Haddad
Bolsonaro,Ciro,Alckmin,Haddad
Bolsonaro,Ciro,Alckmin,Haddad
Bolsonaro,Ciro,Alckmin,Haddad
Bolsonaro,Ciro,Alckmin,Haddad
Bolsonaro,Ciro,Alckmin,Haddad
Bolsonaro,Ciro,Alckmin,Haddad
Bolsonaro,Ciro,Alckmin,Haddad
Bolsonaro,Ciro,Alckmin,Haddad
Bolsonaro,Ciro,Alckmin,Haddad
Bolsonaro,Ciro,Alckmin,Haddad
Bolsonaro,Ciro,Alckmin,Haddad
Bolsonaro,Ciro,Alckmin,Haddad
Bolsonaro,Ciro,Alckmin,Haddad
Bolsonaro,Ciro,Alckmin,Haddad
Bolsonaro,Ciro,Alckmin,Haddad
Bolsonaro,Ciro,Alckmin,Haddad
Bolsonaro,Ciro,Alckmin,Haddad
Bolsonaro,Ciro,Alckmin,Haddad
Bolsonaro,Ciro,Alckmin,Haddad
Bolsonaro,Ciro,Alckmin,Haddad
Bolsonaro,Ciro,Alckmin,Haddad
Bolsonaro,Ciro,Alckmin,Haddad
Bolsonaro,Ciro,Alckmin,Haddad
Bolsonaro,Ciro,Alckmin,Haddad
Bolsonaro,Ciro,Alckmin,Haddad
Bolsonaro,Ciro,Alckmin,Haddad
Bolsonaro,Ciro,Alckmin,Haddad
Bolsonaro,Ciro,Alckmin,Haddad
Bolsonaro,Ciro,Alckmin,Haddad
Bolsonaro,Ciro,Alckmin,Haddad
Bolsonaro,Ciro,Alckmin,Haddad
Bolsonaro,Ciro,Alckmin,Haddad
Bolsonaro,Ciro,Alckmin,Haddad
Bolsonaro,Ciro,Alckmin,Haddad
Bolsonaro,Ciro,Alckmin,Haddad
Bolsonaro,Ciro,Alckmin,Haddad
Bolsonaro,Ciro,Alckmin,Haddad
Bolsonaro,Ciro,Alckmin,Haddad
Bolsonaro,Ciro,Alckmin,Haddad
Bolsonaro,Ciro,Alckmin,Haddad
Bolsonaro,Ciro,Alckmin,Haddad
Bolsonaro,Ciro,Alckmin,Haddad
Bolsonaro,Ciro,Alckmin,Haddad
Bolsonaro,Ciro,Alckmin,Haddad
Bolsonaro,Ciro,Alckmin,Haddad
Bolsonaro,Ciro,Alckmin,Haddad
Bolsonaro,Alckmin,Haddad,Ciro
Bolsonaro,Alckmin,Haddad,Ciro
Bolsonaro,Alckmin,Haddad,Ciro
Bolsonaro,Alckmin,Haddad,Ciro
Bolsonaro,Alckmin,Haddad,Ciro
Bolsonaro,Alckmin,Haddad,Ciro
Bolsonaro,Alckmin,Haddad,Ciro
Bolsonaro,Alckmin,Haddad,Ciro
Bolsonaro,Alckmin,Haddad,Ciro
Bolsonaro,Alckmin,Haddad,Ciro
Bolsonaro,Alckmin,Haddad,Ciro
Bolsonaro,Alckmin,Haddad,Ciro
Bolsonaro,Alckmin,Haddad,Ciro
Bolsonaro,Alckmin,Haddad,Ciro
Bolsonaro,Alckmin,Haddad,Ciro
Bolsonaro,Alckmin,Haddad,Ciro
Bolsonaro,Alckmin,Haddad,Ciro
Bolsonaro,Alckmin,Haddad,Ciro
Bolsonaro,Alckmin,Haddad,Ciro
Bolsonaro,Alckmin,Haddad,Ciro
Bolsonaro,Alckmin,Haddad,Ciro
Bolsonaro,Alckmin,Haddad,Ciro
Bolsonaro,Alckmin,Haddad,Ciro
Bolsonaro,Alckmin,Haddad,Ciro
Bolsonaro,Alckmin,Haddad,Ciro
Bolsonaro,Alckmin,Haddad,Ciro
Bolsonaro,Alckmin,Haddad,Ciro
Bolsonaro,Alckmin,Haddad,Ciro
Bolsonaro,Alckmin,Haddad,Ciro
Bolsonaro,Alckmin,Haddad,Ciro
Bolsonaro,Alckmin,Haddad,Ciro
Bolsonaro,Alckmin,Haddad,Ciro
Bolsonaro,Alckmin,Haddad,Ciro
Bolsonaro,Alckmin,Haddad,Ciro
Bolsonaro,Alckmin,Haddad,Ciro
Bolsonaro,Alckmin,Haddad,Ciro
Bolsonaro,Alckmin,Haddad,Ciro
Bolsonaro,Alckmin,Haddad,Ciro
Bolsonaro,Alckmin,Haddad,Ciro
Bolsonaro,Alckmin,Haddad,Ciro
Bolsonaro,Alckmin,Haddad,Ciro
Bolsonaro,Alckmin,Haddad,Ciro
Bolsonaro,Alckmin,Haddad,Ciro
Bolsonaro,Alckmin,Haddad,Ciro
Bolsonaro,Alckmin,Haddad,Ciro
Bolsonaro,Alckmin,Haddad,Ciro
Bolsonaro,Alckmin,Haddad,Ciro
Bolsonaro,Alckmin,Haddad,Ciro
Bolsonaro,Alckmin,Haddad,Ciro
Bolsonaro,Alckmin,Haddad,Ciro
Bolsonaro,Alckmin,Haddad,Ciro
Bolsonaro,Alckmin,Haddad,Ciro
Bolsonaro,Alckmin,Haddad,Ciro
Bolsonaro,Alckmin,Haddad,Ciro
Bolsonaro,Alckmin,Haddad,Ciro
Bolsonaro,Alckmin,Haddad,Ciro
Bolsonaro,Alckmin,Haddad,Ciro
Bolsonaro,Alckmin,Haddad,Ciro
Bolsonaro,Alckmin,Haddad,Ciro
Bolsonaro,Alckmin,Haddad,Ciro
Bolsonaro,Alckmin,Haddad,Ciro
Bolsonaro,Alckmin,Haddad,Ciro
Bolsonaro,Alckmin,Haddad,Ciro
Bolsonaro,Alckmin,Haddad,Ciro
Bolsonaro,Alckmin,Haddad,Ciro
Bolsonaro,Alckmin,Haddad,Ciro
Bolsonaro,Alckmin,Haddad,Ciro
Bolsonaro,Alckmin,Haddad,Ciro
Bolsonaro,Alckmin,Haddad,Ciro
Bolsonaro,Alckmin,Haddad,Ciro
Bolsonaro,Alckmin,Haddad,Ciro
Bolsonaro,Alckmin,Haddad,Ciro
Bolsonaro,Alckmin,Haddad,Ciro
Bolsonaro,Alckmin,Haddad,Ciro
Bolsonaro,Alckmin,Haddad,Ciro
Bolsonaro,Alckmin,Haddad,Ciro
Bolsonaro,Alckmin,Haddad,Ciro
Bolsonaro,Alckmin,Haddad,Ciro
Bolsonaro,Alckmin,Haddad,Ciro
Bolsonaro,Alckmin,Haddad,Ciro
Bolsonaro,Alckmin,Haddad,Ciro
Bolsonaro,Alckmin,Haddad,Ciro
Bolsonaro,Alckmin,Haddad,Ciro
Bolsonaro,Alckmin,Haddad,Ciro
Bolsonaro,Alckmin,Haddad,Ciro
Bolsonaro,Alckmin,Haddad,Ciro
Bolsonaro,Alckmin,Haddad,Ciro
Bolsonaro,Alckmin,Haddad,Ciro
Bolsonaro,Alckmin,Haddad,Ciro
Bolsonaro,Alckmin,Haddad,Ciro
Bolsonaro,Alckmin,Haddad,Ciro
Bolsonaro,Alckmin,Haddad,Ciro
Bolsonaro,Alckmin,Haddad,Ciro
Bolsonaro,Alckmin,Haddad,Ciro
Bolsonaro,Alckmin,Haddad,Ciro
Bolsonaro,Alckmin,Haddad,Ciro
Bolsonaro,Alckmin,Haddad,Ciro
Bolsonaro,Alckmin,Haddad,Ciro
Bolsonaro,Alckmin,Haddad,Ciro
Bolsonaro,Alckmin,Haddad,Ciro
Bolsonaro,Alckmin,Haddad,Ciro
Bolsonaro,Alckmin,Haddad,Ciro
Bolsonaro,Ciro,Haddad,Alckmin
Bolsonaro,Ciro,Haddad,Alckmin
Bolsonaro,Ciro,Haddad,Alckmin
Bolsonaro,Ciro,Haddad,Alckmin
Bolsonaro,Ciro,Haddad,Alckmin
Bolsonaro,Ciro,Haddad,Alckmin
Bolsonaro,Ciro,Haddad,Alckmin
Bolsonaro,Ciro,Haddad,Alckmin
Bolsonaro,Ciro,Haddad,Alckmin
Bolsonaro,Ciro,Haddad,Alckmin
Bolsonaro,Ciro,Haddad,Alckmin
Bolsonaro,Ciro,Haddad,Alckmin
Bolsonaro,Ciro,Haddad,Alckmin
Bolsonaro,Ciro,Haddad,Alckmin
Bolsonaro,Ciro,Haddad,Alckmin
Bolsonaro,Ciro,Haddad,Alckmin
Bolsonaro,Ciro,Haddad,Alckmin
Bolsonaro,Ciro,Haddad,Alckmin
Bolsonaro,Ciro,Haddad,Alckmin
Bolsonaro,Ciro,Haddad,Alckmin
Bolsonaro,Ciro,Haddad,Alckmin
Bolsonaro,Ciro,Haddad,Alckmin
Bolsonaro,Ciro,Haddad,Alckmin
Bolsonaro,Ciro,Haddad,Alckmin
Bolsonaro,Ciro,Haddad,Alckmin
Bolsonaro,Ciro,Haddad,Alckmin
Bolsonaro,Ciro,Haddad,Alckmin
Bolsonaro,Ciro,Haddad,Alckmin
Bolsonaro,Ciro,Haddad,Alckmin
Bolsonaro,Ciro,Haddad,Alckmin
Bolsonaro,Ciro,Haddad,Alckmin
Bolsonaro,Ciro,Haddad,Alckmin
Bolsonaro,Ciro,Haddad,Alckmin
Bolsonaro,Ciro,Haddad,Alckmin
Bolsonaro,Ciro,Haddad,Alckmin
Bolsonaro,Ciro,Haddad,Alckmin
Bolsonaro,Ciro,Haddad,Alckmin
Bolsonaro,Ciro,Haddad,Alckmin
Bolsonaro,Ciro,Haddad,Alckmin
Bolsonaro,Ciro,Haddad,Alckmin
Bolsonaro,Ciro,Haddad,Alckmin
Bolsonaro,Ciro,Haddad,Alckmin
Bolsonaro,Ciro,Haddad,Alckmin
Bolsonaro,Ciro,Haddad,Alckmin
Bolsonaro,Ciro,Haddad,Alckmin
Bolsonaro,Ciro,Haddad,Alckmin
Bolsonaro,Ciro,Haddad,Alckmin
Bolsonaro,Ciro,Haddad,Alckmin
Bolsonaro,Ciro,Haddad,Alckmin
Bolsonaro,Ciro,Haddad,Alckmin
Bolsonaro,Ciro,Haddad,Alckmin
Bolsonaro,Ciro,Haddad,Alckmin
Bolsonaro,Ciro,Haddad,Alckmin
Bolsonaro,Ciro,Haddad,Alckmin
Bolsonaro,Ciro,Haddad,Alckmin
Bolsonaro,Ciro,Haddad,Alckmin
Bolsonaro,Ciro,Haddad,Alckmin
Bolsonaro,Ciro,Haddad,Alckmin
Bolsonaro,Ciro,Haddad,Alckmin
Bolsonaro,Ciro,Haddad,Alckmin
Bolsonaro,Ciro,Haddad,Alckmin
Bolsonaro,Ciro,Haddad,Alckmin
Bolsonaro,Ciro,Haddad,Alckmin
Bolsonaro,Ciro,Haddad,Alckmin
Bolsonaro,Ciro,Haddad,Alckmin
Bolsonaro,Ciro,Haddad,Alckmin
Bolsonaro,Ciro,Haddad,Alckmin
Bolsonaro,Ciro,Haddad,Alckmin
Bolsonaro,Ciro,Haddad,Alckmin
Bolsonaro,Ciro,Haddad,Alckmin
Bolsonaro,Ciro,Haddad,Alckmin
Bolsonaro,Ciro,Haddad,Alckmin
Bolsonaro,Ciro,Haddad,Alckmin
Bolsonaro,Ciro,Haddad,Alckmin
Bolsonaro,Ciro,Haddad,Alckmin
Bolsonaro,Ciro,Haddad,Alckmin
Bolsonaro,Haddad,Ciro,Alckmin
Bolsonaro,Haddad,Ciro,Alckmin
Bolsonaro,Haddad,Ciro,Alckmin
Bolsonaro,Haddad,Ciro,Alckmin
Bolsonaro,Haddad,Ciro,Alckmin
Bolsonaro,Haddad,Ciro,Alckmin
Bolsonaro,Haddad,Ciro,Alckmin
Bolsonaro,Haddad,Ciro,Alckmin
Bolsonaro,Haddad,Ciro,Alckmin
Bolsonaro,Haddad,Ciro,Alckmin
Bolsonaro,Haddad,Ciro,Alckmin
Bolsonaro,Haddad,Ciro,Alckmin
Bolsonaro,Haddad,Ciro,Alckmin
Bolsonaro,Haddad,Ciro,Alckmin
Bolsonaro,Haddad,Ciro,Alckmin
Bolsonaro,Haddad,Ciro,Alckmin
Bolsonaro,Haddad,Ciro,Alckmin
Bolsonaro,Haddad,Ciro,Alckmin
Bolsonaro,Haddad,Ciro,Alckmin
Bolsonaro,Haddad,Ciro,Alckmin
Bolsonaro,Haddad,Ciro,Alckmin
Bolsonaro,Haddad,Ciro,Alckmin
Bolsonaro,Haddad,Ciro,Alckmin
Bolsonaro,Haddad,Ciro,Alckmin
Bolsonaro,Haddad,Ciro,Alckmin
Bolsonaro,Haddad,Ciro,Alckmin
Bolsonaro,Haddad,Ciro,Alckmin
Bolsonaro,Haddad,Ciro,Alckmin
Bolsonaro,Haddad,Ciro,Alckmin
Bolsonaro,Haddad,Ciro,Alckmin
Bolsonaro,Haddad,Ciro,Alckmin
Bolsonaro,Haddad,Ciro,Alckmin
Bolsonaro,Haddad,Ciro,Alckmin
Bolsonaro,Haddad,Ciro,Alckmin
Bolsonaro,Haddad,Ciro,Alckmin
Bolsonaro,Haddad,Ciro,Alckmin
Bolsonaro,Haddad,Ciro,Alckmin
Bolsonaro,Haddad,Ciro,Alckmin
Bolsonaro,Haddad,Ciro,Alckmin
Bolsonaro,Haddad,Ciro,Alckmin
Bolsonaro,Haddad,Ciro,Alckmin
Bolsonaro,Haddad,Ciro,Alckmin
Bolsonaro,Haddad,Ciro,Alckmin
Bolsonaro,Haddad,Ciro,Alckmin
Bolsonaro,Haddad,Ciro,Alckmin
Bolsonaro,Haddad,Ciro,Alckmin
Bolsonaro,Haddad,Ciro,Alckmin
Bolsonaro,Haddad,Ciro,Alckmin
Bolsonaro,Haddad,Ciro,Alckmin
Bolsonaro,Haddad,Ciro,Alckmin
Bolsonaro,Haddad,Ciro,Alckmin
Bolsonaro,Haddad,Ciro,Alckmin
Bolsonaro,Haddad,Ciro,Alckmin
Bolsonaro,Haddad,Ciro,Alckmin
Bolsonaro,Haddad,Ciro,Alckmin
Bolsonaro,Haddad,Ciro,Alckmin
Bolsonaro,Haddad,Ciro,Alckmin
Bolsonaro,Haddad,Ciro,Alckmin
Bolsonaro,Haddad,Ciro,Alckmin
Bolsonaro,Haddad,Ciro,Alckmin
Bolsonaro,Haddad,Ciro,Alckmin
Bolsonaro,Haddad,Ciro,Alckmin
Bolsonaro,Haddad,Ciro,Alckmin
Bolsonaro,Haddad,Ciro,Alckmin
Bolsonaro,Haddad,Ciro,Alckmin
Bolsonaro,Haddad,Ciro,Alckmin
Bolsonaro,Haddad,Ciro,Alckmin
Bolsonaro,Haddad,Ciro,Alckmin
Bolsonaro,Haddad,Ciro,Alckmin
Bolsonaro,Haddad,Ciro,Alckmin
Bolsonaro,Haddad,Ciro,Alckmin
Bolsonaro,Haddad,Ciro,Alckmin
Bolsonaro,Haddad,Ciro,Alckmin
Bolsonaro,Haddad,Ciro,Alckmin
Bolsonaro,Haddad,Ciro,Alckmin
Bolsonaro,Haddad,Ciro,Alckmin
Bolsonaro,Haddad,Ciro,Alckmin
Bolsonaro,Haddad,Ciro,Alckmin
Bolsonaro,Haddad,Ciro,Alckmin
Bolsonaro,Haddad,Ciro,Alckmin
Bolsonaro,Haddad,Ciro,Alckmin
Bolsonaro,Haddad,Ciro,Alckmin
Bolsonaro,Haddad,Ciro,Alckmin
Bolsonaro,Haddad,Ciro,Alckmin
Bolsonaro,Haddad,Ciro,Alckmin
Bolsonaro,Haddad,Ciro,Alckmin
Bolsonaro,Haddad,Ciro,Alckmin
Bolsonaro,Haddad,Ciro,Alckmin
Bolsonaro,Haddad,Ciro,Alckmin
Bolsonaro,Haddad,Ciro,Alckmin
Bolsonaro,Haddad,Ciro,Alckmin
Bolsonaro,Haddad,Ciro,Alckmin
Bolsonaro,Haddad,Ciro,Alckmin
Bolsonaro,Haddad,Ciro,Alckmin
Bolsonaro,Haddad,Ciro,Alckmin
Bolsonaro,Haddad,Ciro,Alckmin
Bolsonaro,Haddad,Ciro,Alckmin
Bolsonaro,Haddad,Ciro,Alckmin
Bolsonaro,Haddad,Ciro,Alckmin
Bolsonaro,Haddad,Ciro,Alckmin
Bolsonaro,Haddad,Ciro,Alckmin
Bolsonaro,Haddad,Ciro,Alckmin
Bolsonaro,Haddad,Ciro,Alckmin
Bolsonaro,Haddad,Ciro,Alckmin
Bolsonaro,Haddad,Ciro,Alckmin
Bolsonaro,Haddad,Ciro,Alckmin
Bolsonaro,Haddad,Ciro,Alckmin
Bolsonaro,Haddad,Ciro,Alckmin
Bolsonaro,Haddad,Ciro,Alckmin
Bolsonaro,Haddad,Ciro,Alckmin
Bolsonaro,Haddad,Ciro,Alckmin
Bolsonaro,Haddad,Ciro,Alckmin
Bolsonaro,Haddad,Ciro,Alckmin
Bolsonaro,Haddad,Ciro,Alckmin
Bolsonaro,Haddad,Ciro,Alckmin
Bolsonaro,Haddad,Ciro,Alckmin
Bolsonaro,Haddad,Ciro,Alckmin
Bolsonaro,Haddad,Ciro,Alckmin
Bolsonaro,Haddad,Ciro,Alckmin
Bolsonaro,Haddad,Ciro,Alckmin
Bolsonaro,Haddad,Ciro,Alckmin
Bolsonaro,Haddad,Ciro,Alckmin
Bolsonaro,Haddad,Ciro,Alckmin
Bolsonaro,Haddad,Ciro,Alckmin
Bolsonaro,Haddad,Ciro,Alckmin
Bolsonaro,Haddad,Ciro,Alckmin
Bolsonaro,Haddad,Ciro,Alckmin
Bolsonaro,Haddad,Ciro,Alckmin
Bolsonaro,Haddad,Ciro,Alckmin
Bolsonaro,Haddad,Ciro,Alckmin
Bolsonaro,Haddad,Ciro,Alckmin
Bolsonaro,Haddad,Ciro,Alckmin
Bolsonaro,Haddad,Ciro,Alckmin
Bolsonaro,Haddad,Ciro,Alckmin
Bolsonaro,Haddad,Ciro,Alckmin
Bolsonaro,Haddad,Ciro,Alckmin
Bolsonaro,Haddad,Ciro,Alckmin
Bolsonaro,Haddad,Ciro,Alckmin
Bolsonaro,Haddad,Ciro,Alckmin
Bolsonaro,Haddad,Ciro,Alckmin
Bolsonaro,Haddad,Ciro,Alckmin
Bolsonaro,Haddad,Ciro,Alckmin
Bolsonaro,Haddad,Ciro,Alckmin
Bolsonaro,Haddad,Ciro,Alckmin
Bolsonaro,Haddad,Ciro,Alckmin
Bolsonaro,Haddad,Ciro,Alckmin
Bolsonaro,Haddad,Ciro,Alckmin
Bolsonaro,Haddad,Ciro,Alckmin
Bolsonaro,Haddad,Ciro,Alckmin
Bolsonaro,Haddad,Ciro,Alckmin
Bolsonaro,Haddad,Ciro,Alckmin
Bolsonaro,Haddad,Ciro,Alckmin
Bolsonaro,Haddad,Ciro,Alckmin
Bolsonaro,Haddad,Ciro,Alckmin
Bolsonaro,Haddad,Ciro,Alckmin
Bolsonaro,Haddad,Ciro,Alckmin
Bolsonaro,Haddad,Ciro,Alckmin
Bolsonaro,Haddad,Ciro,Alckmin
Bolsonaro,Haddad,Alckmin,Ciro
Bolsonaro,Haddad,Alckmin,Ciro
Bolsonaro,Haddad,Alckmin,Ciro
Bolsonaro,Haddad,Alckmin,Ciro
Bolsonaro,Haddad,Alckmin,Ciro
Bolsonaro,Haddad,Alckmin,Ciro
Bolsonaro,Haddad,Alckmin,Ciro
Bolsonaro,Haddad,Alckmin,Ciro
Bolsonaro,Haddad,Alckmin,Ciro
Bolsonaro,Haddad,Alckmin,Ciro
Bolsonaro,Haddad,Alckmin,Ciro
Bolsonaro,Haddad,Alckmin,Ciro
Bolsonaro,Haddad,Alckmin,Ciro
Bolsonaro,Haddad,Alckmin,Ciro
Bolsonaro,Haddad,Alckmin,Ciro
Bolsonaro,Haddad,Alckmin,Ciro
Bolsonaro,Haddad,Alckmin,Ciro
Bolsonaro,Haddad,Alckmin,Ciro
Bolsonaro,Haddad,Alckmin,Ciro
Bolsonaro,Haddad,Alckmin,Ciro
Bolsonaro,Haddad,Alckmin,Ciro
Bolsonaro,Haddad,Alckmin,Ciro
Bolsonaro,Haddad,Alckmin,Ciro
Bolsonaro,Haddad,Alckmin,Ciro
Bolsonaro,Haddad,Alckmin,Ciro
Bolsonaro,Haddad,Alckmin,Ciro
Bolsonaro,Haddad,Alckmin,Ciro
Bolsonaro,Haddad,Alckmin,Ciro
Bolsonaro,Haddad,Alckmin,Ciro
Bolsonaro,Haddad,Alckmin,Ciro
Bolsonaro,Haddad,Alckmin,Ciro
Bolsonaro,Haddad,Alckmin,Ciro
Bolsonaro,Haddad,Alckmin,Ciro
Bolsonaro,Haddad,Alckmin,Ciro
Bolsonaro,Haddad,Alckmin,Ciro
Bolsonaro,Haddad,Alckmin,Ciro
Bolsonaro,Haddad,Alckmin,Ciro
Bolsonaro,Haddad,Alckmin,Ciro
Bolsonaro,Haddad,Alckmin,Ciro
Bolsonaro,Haddad,Alckmin,Ciro
Bolsonaro,Haddad,Alckmin,Ciro
Bolsonaro,Haddad,Alckmin,Ciro
Bolsonaro,Haddad,Alckmin,Ciro
Bolsonaro,Haddad,Alckmin,Ciro
Bolsonaro,Haddad,Alckmin,Ciro
Bolsonaro,Haddad,Alckmin,Ciro
Bolsonaro,Haddad,Alckmin,Ciro
Bolsonaro,Haddad,Alckmin,Ciro
Bolsonaro,Haddad,Alckmin,Ciro
Bolsonaro,Haddad,Alckmin,Ciro
Bolsonaro,Haddad,Alckmin,Ciro
Bolsonaro,Haddad,Alckmin,Ciro
Bolsonaro,Haddad,Alckmin,Ciro
Bolsonaro,Haddad,Alckmin,Ciro
Bolsonaro,Haddad,Alckmin,Ciro
Bolsonaro,Haddad,Alckmin,Ciro
Bolsonaro,Haddad,Alckmin,Ciro
Bolsonaro,Haddad,Alckmin,Ciro
Bolsonaro,Haddad,Alckmin,Ciro
Bolsonaro,Haddad,Alckmin,Ciro
Bolsonaro,Haddad,Alckmin,Ciro
Bolsonaro,Haddad,Alckmin,Ciro
Bolsonaro,Haddad,Alckmin,Ciro
Bolsonaro,Haddad,Alckmin,Ciro
Bolsonaro,Haddad,Alckmin,Ciro
Bolsonaro,Haddad,Alckmin,Ciro
