choice1,choice2,choice3,choice4
haddad,ciro,alckmin,bolsonaro
haddad,ciro,alckmin,bolsonaro
haddad,ciro,alckmin,bolsonaro
haddad,ciro,alckmin,bolsonaro
haddad,ciro,alckmin,bolsonaro
haddad,ciro,alckmin,bolsonaro
haddad,ciro,alckmin,bolsonaro
haddad,ciro,alckmin,bolsonaro
haddad,ciro,alckmin,bolsonaro
haddad,ciro,alckmin,bolsonaro
haddad,ciro,alckmin,bolsonaro
haddad,ciro,alckmin,bolsonaro
haddad,ciro,alckmin,bolsonaro
haddad,ciro,alckmin,bolsonaro
haddad,ciro,alckmin,bolsonaro
haddad,ciro,alckmin,bolsonaro
haddad,ciro,alckmin,bolsonaro
haddad,ciro,alckmin,bolsonaro
haddad,ciro,alckmin,bolsonaro
haddad,ciro,alckmin,bolsonaro
haddad,ciro,alckmin,bolsonaro
haddad,ciro,alckmin,bolsonaro
haddad,ciro,alckmin,bolsonaro
haddad,ciro,alckmin,bolsonaro
haddad,ciro,alckmin,bolsonaro
haddad,ciro,alckmin,bolsonaro
haddad,ciro,alckmin,bolsonaro
haddad,ciro,alckmin,bolsonaro
haddad,ciro,alckmin,bolsonaro
haddad,ciro,alckmin,bolsonaro
haddad,ciro,alckmin,bolsonaro
haddad,ciro,alckmin,bolsonaro
haddad,ciro,alckmin,bolsonaro
haddad,ciro,alckmin,bolsonaro
haddad,ciro,alckmin,bolsonaro
haddad,ciro,alckmin,bolsonaro
haddad,ciro,alckmin,bolsonaro
haddad,ciro,alckmin,bolsonaro
haddad,ciro,alckmin,bolsonaro
haddad,ciro,alckmin,bolsonaro
haddad,ciro,alckmin,bolsonaro
haddad,ciro,alckmin,bolsonaro
haddad,ciro,alckmin,bolsonaro
haddad,ciro,alckmin,bolsonaro
haddad,ciro,alckmin,bolsonaro
haddad,ciro,alckmin,bolsonaro
haddad,ciro,alckmin,bolsonaro
haddad,ciro,alckmin,bolsonaro
haddad,ciro,alckmin,bolsonaro
haddad,ciro,alckmin,bolsonaro
haddad,ciro,alckmin,bolsonaro
haddad,ciro,alckmin,bolsonaro
haddad,ciro,alckmin,bolsonaro
haddad,ciro,alckmin,bolsonaro
haddad,ciro,alckmin,bolsonaro
haddad,ciro,alckmin,bolsonaro
haddad,ciro,alckmin,bolsonaro
haddad,ciro,alckmin,bolsonaro
haddad,ciro,alckmin,bolsonaro
haddad,ciro,alckmin,bolsonaro
haddad,ciro,alckmin,bolsonaro
haddad,ciro,alckmin,bolsonaro
haddad,ciro,alckmin,bolsonaro
haddad,ciro,alckmin,bolsonaro
haddad,ciro,alckmin,bolsonaro
haddad,ciro,alckmin,bolsonaro
haddad,ciro,alckmin,bolsonaro
haddad,ciro,alckmin,bolsonaro
haddad,ciro,alckmin,bolsonaro
haddad,ciro,alckmin,bolsonaro
haddad,ciro,alckmin,bolsonaro
haddad,ciro,alckmin,bolsonaro
haddad,ciro,alckmin,bolsonaro
haddad,ciro,alckmin,bolsonaro
haddad,ciro,alckmin,bolsonaro
haddad,ciro,alckmin,bolsonaro
haddad,ciro,alckmin,bolsonaro
haddad,ciro,alckmin,bolsonaro
haddad,ciro,alckmin,bolsonaro
haddad,ciro,alckmin,bolsonaro
haddad,ciro,alckmin,bolsonaro
haddad,ciro,alckmin,bolsonaro
haddad,ciro,alckmin,bolsonaro
haddad,ciro,alckmin,bolsonaro
haddad,ciro,alckmin,bolsonaro
haddad,ciro,alckmin,bolsonaro
haddad,ciro,alckmin,bolsonaro
haddad,ciro,alckmin,bolsonaro
haddad,ciro,alckmin,bolsonaro
haddad,ciro,alckmin,bolsonaro
haddad,ciro,alckmin,bolsonaro
haddad,ciro,alckmin,bolsonaro
haddad,ciro,alckmin,bolsonaro
haddad,ciro,alckmin,bolsonaro
haddad,ciro,alckmin,bolsonaro
haddad,ciro,alckmin,bolsonaro
haddad,ciro,alckmin,bolsonaro
haddad,ciro,alckmin,bolsonaro
haddad,ciro,alckmin,bolsonaro
haddad,ciro,alckmin,bolsonaro
haddad,ciro,alckmin,bolsonaro
haddad,ciro,alckmin,bolsonaro
haddad,ciro,alckmin,bolsonaro
haddad,ciro,alckmin,bolsonaro
haddad,ciro,alckmin,bolsonaro
haddad,ciro,alckmin,bolsonaro
haddad,ciro,alckmin,bolsonaro
haddad,ciro,alckmin,bolsonaro
haddad,ciro,alckmin,bolsonaro
haddad,ciro,alckmin,bolsonaro
haddad,ciro,alckmin,bolsonaro
haddad,ciro,alckmin,bolsonaro
haddad,ciro,alckmin,bolsonaro
haddad,ciro,alckmin,bolsonaro
haddad,ciro,alckmin,bolsonaro
haddad,ciro,alckmin,bolsonaro
haddad,ciro,alckmin,bolsonaro
haddad,ciro,alckmin,bolsonaro
haddad,ciro,alckmin,bolsonaro
haddad,ciro,alckmin,bolsonaro
haddad,ciro,alckmin,bolsonaro
haddad,ciro,alckmin,bolsonaro
haddad,ciro,alckmin,bolsonaro
haddad,ciro,alckmin,bolsonaro
haddad,ciro,alckmin,bolsonaro
haddad,ciro,alckmin,bolsonaro
haddad,ciro,alckmin,bolsonaro
haddad,ciro,alckmin,bolsonaro
haddad,ciro,alckmin,bolsonaro
haddad,ciro,alckmin,bolsonaro
haddad,ciro,alckmin,bolsonaro
haddad,ciro,alckmin,bolsonaro
haddad,ciro,alckmin,bolsonaro
haddad,ciro,alckmin,bolsonaro
haddad,ciro,alckmin,bolsonaro
haddad,ciro,alckmin,bolsonaro
haddad,ciro,alckmin,bolsonaro
haddad,ciro,alckmin,bolsonaro
haddad,ciro,alckmin,bolsonaro
haddad,ciro,alckmin,bolsonaro
haddad,ciro,alckmin,bolsonaro
haddad,ciro,alckmin,bolsonaro
haddad,ciro,alckmin,bolsonaro
haddad,ciro,alckmin,bolsonaro
haddad,ciro,alckmin,bolsonaro
haddad,ciro,alckmin,bolsonaro
haddad,ciro,alckmin,bolsonaro
haddad,ciro,alckmin,bolsonaro
haddad,ciro,alckmin,bolsonaro
haddad,ciro,alckmin,bolsonaro
haddad,ciro,alckmin,bolsonaro
haddad,ciro,alckmin,bolsonaro
haddad,ciro,alckmin,bolsonaro
haddad,ciro,alckmin,bolsonaro
haddad,ciro,alckmin,bolsonaro
haddad,ciro,alckmin,bolsonaro
haddad,ciro,alckmin,bolsonaro
haddad,ciro,alckmin,bolsonaro
haddad,ciro,alckmin,bolsonaro
haddad,ciro,alckmin,bolsonaro
haddad,ciro,alckmin,bolsonaro
haddad,ciro,alckmin,bolsonaro
haddad,ciro,alckmin,bolsonaro
haddad,ciro,alckmin,bolsonaro
haddad,ciro,alckmin,bolsonaro
haddad,ciro,alckmin,bolsonaro
haddad,ciro,alckmin,bolsonaro
haddad,ciro,alckmin,bolsonaro
haddad,ciro,alckmin,bolsonaro
haddad,ciro,alckmin,bolsonaro
haddad,ciro,alckmin,bolsonaro
haddad,ciro,alckmin,bolsonaro
haddad,ciro,alckmin,bolsonaro
haddad,ciro,alckmin,bolsonaro
haddad,ciro,alckmin,bolsonaro
haddad,ciro,alckmin,bolsonaro
haddad,ciro,alckmin,bolsonaro
haddad,ciro,alckmin,bolsonaro
haddad,ciro,alckmin,bolsonaro
haddad,ciro,alckmin,bolsonaro
haddad,ciro,alckmin,bolsonaro
haddad,ciro,alckmin,bolsonaro
haddad,ciro,alckmin,bolsonaro
haddad,ciro,alckmin,bolsonaro
haddad,ciro,alckmin,bolsonaro
haddad,ciro,alckmin,bolsonaro
haddad,ciro,alckmin,bolsonaro
haddad,ciro,alckmin,bolsonaro
haddad,ciro,alckmin,bolsonaro
haddad,ciro,alckmin,bolsonaro
haddad,ciro,alckmin,bolsonaro
haddad,ciro,alckmin,bolsonaro
haddad,ciro,alckmin,bolsonaro
haddad,ciro,alckmin,bolsonaro
haddad,ciro,alckmin,bolsonaro
haddad,ciro,alckmin,bolsonaro
haddad,ciro,alckmin,bolsonaro
haddad,ciro,alckmin,bolsonaro
haddad,ciro,alckmin,bolsonaro
haddad,ciro,alckmin,bolsonaro
haddad,ciro,alckmin,bolsonaro
haddad,ciro,alckmin,bolsonaro
haddad,ciro,alckmin,bolsonaro
haddad,ciro,alckmin,bolsonaro
haddad,ciro,alckmin,bolsonaro
haddad,ciro,alckmin,bolsonaro
haddad,ciro,alckmin,bolsonaro
haddad,ciro,alckmin,bolsonaro
haddad,ciro,alckmin,bolsonaro
haddad,ciro,alckmin,bolsonaro
haddad,ciro,alckmin,bolsonaro
haddad,ciro,alckmin,bolsonaro
haddad,ciro,alckmin,bolsonaro
haddad,ciro,alckmin,bolsonaro
haddad,ciro,alckmin,bolsonaro
haddad,ciro,alckmin,bolsonaro
haddad,ciro,alckmin,bolsonaro
haddad,ciro,alckmin,bolsonaro
haddad,ciro,alckmin,bolsonaro
haddad,ciro,alckmin,bolsonaro
haddad,ciro,alckmin,bolsonaro
haddad,ciro,alckmin,bolsonaro
haddad,ciro,alckmin,bolsonaro
haddad,ciro,alckmin,bolsonaro
haddad,ciro,alckmin,bolsonaro
haddad,ciro,alckmin,bolsonaro
haddad,ciro,alckmin,bolsonaro
haddad,ciro,alckmin,bolsonaro
haddad,ciro,alckmin,bolsonaro
haddad,ciro,alckmin,bolsonaro
haddad,ciro,alckmin,bolsonaro
haddad,ciro,alckmin,bolsonaro
haddad,ciro,alckmin,bolsonaro
haddad,ciro,alckmin,bolsonaro
haddad,ciro,alckmin,bolsonaro
haddad,ciro,alckmin,bolsonaro
haddad,ciro,alckmin,bolsonaro
haddad,ciro,alckmin,bolsonaro
haddad,ciro,alckmin,bolsonaro
haddad,ciro,alckmin,bolsonaro
haddad,ciro,alckmin,bolsonaro
haddad,ciro,alckmin,bolsonaro
haddad,ciro,alckmin,bolsonaro
haddad,ciro,alckmin,bolsonaro
haddad,ciro,alckmin,bolsonaro
haddad,ciro,alckmin,bolsonaro
haddad,ciro,alckmin,bolsonaro
haddad,ciro,alckmin,bolsonaro
haddad,ciro,alckmin,bolsonaro
haddad,ciro,alckmin,bolsonaro
haddad,ciro,alckmin,bolsonaro
haddad,ciro,alckmin,bolsonaro
haddad,ciro,alckmin,bolsonaro
haddad,ciro,alckmin,bolsonaro
haddad,ciro,alckmin,bolsonaro
haddad,ciro,alckmin,bolsonaro
haddad,ciro,alckmin,bolsonaro
haddad,ciro,alckmin,bolsonaro
haddad,ciro,alckmin,bolsonaro
haddad,ciro,alckmin,bolsonaro
haddad,ciro,alckmin,bolsonaro
haddad,ciro,alckmin,bolsonaro
haddad,ciro,alckmin,bolsonaro
haddad,ciro,alckmin,bolsonaro
haddad,ciro,alckmin,bolsonaro
haddad,ciro,alckmin,bolsonaro
haddad,ciro,alckmin,bolsonaro
haddad,ciro,alckmin,bolsonaro
haddad,ciro,alckmin,bolsonaro
haddad,ciro,alckmin,bolsonaro
haddad,ciro,alckmin,bolsonaro
haddad,ciro,alckmin,bolsonaro
haddad,ciro,alckmin,bolsonaro
haddad,ciro,alckmin,bolsonaro
haddad,ciro,alckmin,bolsonaro
haddad,ciro,alckmin,bolsonaro
haddad,ciro,alckmin,bolsonaro
haddad,ciro,alckmin,bolsonaro
haddad,ciro,alckmin,bolsonaro
haddad,ciro,alckmin,bolsonaro
haddad,ciro,alckmin,bolsonaro
haddad,ciro,alckmin,bolsonaro
haddad,ciro,alckmin,bolsonaro
haddad,ciro,alckmin,bolsonaro
haddad,ciro,alckmin,bolsonaro
haddad,ciro,alckmin,bolsonaro
haddad,ciro,alckmin,bolsonaro
haddad,ciro,alckmin,bolsonaro
haddad,ciro,alckmin,bolsonaro
haddad,ciro,alckmin,bolsonaro
haddad,ciro,alckmin,bolsonaro
haddad,ciro,alckmin,bolsonaro
haddad,ciro,alckmin,bolsonaro
haddad,ciro,alckmin,bolsonaro
haddad,ciro,alckmin,bolsonaro
haddad,ciro,alckmin,bolsonaro
haddad,ciro,alckmin,bolsonaro
haddad,ciro,alckmin,bolsonaro
haddad,ciro,alckmin,bolsonaro
haddad,ciro,alckmin,bolsonaro
haddad,ciro,alckmin,bolsonaro
haddad,ciro,alckmin,bolsonaro
haddad,ciro,alckmin,bolsonaro
haddad,ciro,alckmin,bolsonaro
haddad,ciro,alckmin,bolsonaro
haddad,ciro,alckmin,bolsonaro
haddad,ciro,alckmin,bolsonaro
haddad,ciro,alckmin,bolsonaro
haddad,ciro,alckmin,bolsonaro
haddad,ciro,alckmin,bolsonaro
haddad,ciro,alckmin,bolsonaro
haddad,ciro,alckmin,bolsonaro
haddad,ciro,alckmin,bolsonaro
haddad,ciro,alckmin,bolsonaro
haddad,ciro,alckmin,bolsonaro
haddad,ciro,alckmin,bolsonaro
haddad,ciro,alckmin,bolsonaro
haddad,ciro,alckmin,bolsonaro
haddad,ciro,alckmin,bolsonaro
haddad,ciro,alckmin,bolsonaro
haddad,ciro,alckmin,bolsonaro
haddad,ciro,alckmin,bolsonaro
haddad,ciro,alckmin,bolsonaro
haddad,ciro,alckmin,bolsonaro
haddad,ciro,alckmin,bolsonaro
haddad,ciro,alckmin,bolsonaro
haddad,ciro,alckmin,bolsonaro
haddad,ciro,alckmin,bolsonaro
haddad,ciro,alckmin,bolsonaro
haddad,ciro,alckmin,bolsonaro
haddad,ciro,alckmin,bolsonaro
haddad,ciro,alckmin,bolsonaro
haddad,ciro,alckmin,bolsonaro
haddad,ciro,alckmin,bolsonaro
haddad,ciro,alckmin,bolsonaro
haddad,ciro,alckmin,bolsonaro
haddad,ciro,alckmin,bolsonaro
haddad,ciro,alckmin,bolsonaro
haddad,ciro,alckmin,bolsonaro
haddad,ciro,alckmin,bolsonaro
haddad,ciro,alckmin,bolsonaro
haddad,ciro,alckmin,bolsonaro
haddad,ciro,alckmin,bolsonaro
haddad,ciro,alckmin,bolsonaro
haddad,ciro,alckmin,bolsonaro
haddad,ciro,alckmin,bolsonaro
haddad,ciro,alckmin,bolsonaro
haddad,ciro,alckmin,bolsonaro
haddad,ciro,alckmin,bolsonaro
haddad,ciro,alckmin,bolsonaro
haddad,ciro,alckmin,bolsonaro
haddad,ciro,alckmin,bolsonaro
haddad,ciro,alckmin,bolsonaro
haddad,ciro,alckmin,bolsonaro
haddad,ciro,alckmin,bolsonaro
haddad,ciro,alckmin,bolsonaro
haddad,ciro,alckmin,bolsonaro
haddad,ciro,alckmin,bolsonaro
haddad,ciro,alckmin,bolsonaro
haddad,ciro,alckmin,bolsonaro
haddad,ciro,alckmin,bolsonaro
haddad,ciro,alckmin,bolsonaro
haddad,ciro,alckmin,bolsonaro
haddad,ciro,alckmin,bolsonaro
haddad,ciro,alckmin,bolsonaro
haddad,ciro,alckmin,bolsonaro
haddad,ciro,alckmin,bolsonaro
haddad,ciro,alckmin,bolsonaro
haddad,ciro,alckmin,bolsonaro
haddad,ciro,alckmin,bolsonaro
haddad,ciro,alckmin,bolsonaro
haddad,ciro,alckmin,bolsonaro
haddad,ciro,alckmin,bolsonaro
haddad,ciro,alckmin,bolsonaro
haddad,ciro,alckmin,bolsonaro
haddad,ciro,alckmin,bolsonaro
haddad,ciro,alckmin,bolsonaro
haddad,ciro,alckmin,bolsonaro
haddad,ciro,alckmin,bolsonaro
haddad,ciro,alckmin,bolsonaro
haddad,ciro,alckmin,bolsonaro
haddad,ciro,alckmin,bolsonaro
haddad,ciro,alckmin,bolsonaro
haddad,ciro,alckmin,bolsonaro
haddad,ciro,alckmin,bolsonaro
haddad,ciro,alckmin,bolsonaro
haddad,ciro,alckmin,bolsonaro
haddad,ciro,alckmin,bolsonaro
haddad,ciro,alckmin,bolsonaro
haddad,ciro,alckmin,bolsonaro
haddad,ciro,alckmin,bolsonaro
haddad,ciro,alckmin,bolsonaro
haddad,ciro,alckmin,bolsonaro
haddad,ciro,alckmin,bolsonaro
haddad,ciro,alckmin,bolsonaro
haddad,ciro,alckmin,bolsonaro
haddad,ciro,alckmin,bolsonaro
haddad,ciro,alckmin,bolsonaro
haddad,ciro,alckmin,bolsonaro
haddad,ciro,alckmin,bolsonaro
haddad,ciro,alckmin,bolsonaro
haddad,ciro,alckmin,bolsonaro
haddad,ciro,alckmin,bolsonaro
haddad,ciro,alckmin,bolsonaro
haddad,ciro,alckmin,bolsonaro
haddad,ciro,alckmin,bolsonaro
haddad,ciro,alckmin,bolsonaro
haddad,ciro,alckmin,bolsonaro
haddad,ciro,alckmin,bolsonaro
haddad,ciro,alckmin,bolsonaro
haddad,ciro,alckmin,bolsonaro
haddad,ciro,alckmin,bolsonaro
haddad,ciro,alckmin,bolsonaro
haddad,ciro,alckmin,bolsonaro
haddad,ciro,alckmin,bolsonaro
haddad,ciro,alckmin,bolsonaro
haddad,ciro,alckmin,bolsonaro
haddad,ciro,alckmin,bolsonaro
haddad,ciro,alckmin,bolsonaro
haddad,ciro,alckmin,bolsonaro
haddad,ciro,alckmin,bolsonaro
haddad,ciro,alckmin,bolsonaro
haddad,ciro,alckmin,bolsonaro
haddad,ciro,alckmin,bolsonaro
haddad,ciro,alckmin,bolsonaro
haddad,ciro,alckmin,bolsonaro
haddad,ciro,alckmin,bolsonaro
haddad,ciro,alckmin,bolsonaro
haddad,ciro,alckmin,bolsonaro
haddad,ciro,alckmin,bolsonaro
haddad,ciro,alckmin,bolsonaro
haddad,ciro,alckmin,bolsonaro
haddad,ciro,alckmin,bolsonaro
haddad,ciro,alckmin,bolsonaro
haddad,ciro,alckmin,bolsonaro
haddad,ciro,alckmin,bolsonaro
haddad,ciro,alckmin,bolsonaro
haddad,ciro,alckmin,bolsonaro
haddad,ciro,alckmin,bolsonaro
haddad,ciro,alckmin,bolsonaro
haddad,ciro,alckmin,bolsonaro
haddad,ciro,alckmin,bolsonaro
haddad,ciro,alckmin,bolsonaro
haddad,ciro,alckmin,bolsonaro
haddad,ciro,alckmin,bolsonaro
haddad,ciro,alckmin,bolsonaro
haddad,ciro,alckmin,bolsonaro
haddad,ciro,alckmin,bolsonaro
haddad,ciro,alckmin,bolsonaro
haddad,ciro,alckmin,bolsonaro
haddad,ciro,alckmin,bolsonaro
haddad,ciro,alckmin,bolsonaro
haddad,ciro,alckmin,bolsonaro
haddad,ciro,alckmin,bolsonaro
haddad,ciro,alckmin,bolsonaro
haddad,ciro,alckmin,bolsonaro
haddad,ciro,alckmin,bolsonaro
haddad,ciro,alckmin,bolsonaro
haddad,ciro,alckmin,bolsonaro
haddad,ciro,alckmin,bolsonaro
haddad,ciro,alckmin,bolsonaro
haddad,ciro,alckmin,bolsonaro
haddad,ciro,alckmin,bolsonaro
haddad,ciro,alckmin,bolsonaro
haddad,ciro,alckmin,bolsonaro
haddad,ciro,alckmin,bolsonaro
haddad,ciro,alckmin,bolsonaro
haddad,ciro,alckmin,bolsonaro
haddad,ciro,alckmin,bolsonaro
haddad,ciro,alckmin,bolsonaro
haddad,ciro,alckmin,bolsonaro
haddad,ciro,alckmin,bolsonaro
haddad,ciro,alckmin,bolsonaro
haddad,ciro,alckmin,bolsonaro
haddad,ciro,alckmin,bolsonaro
haddad,ciro,alckmin,bolsonaro
haddad,ciro,alckmin,bolsonaro
haddad,ciro,alckmin,bolsonaro
haddad,ciro,alckmin,bolsonaro
haddad,ciro,alckmin,bolsonaro
haddad,ciro,alckmin,bolsonaro
haddad,ciro,alckmin,bolsonaro
haddad,ciro,alckmin,bolsonaro
haddad,ciro,alckmin,bolsonaro
haddad,ciro,alckmin,bolsonaro
haddad,ciro,alckmin,bolsonaro
haddad,ciro,alckmin,bolsonaro
haddad,ciro,alckmin,bolsonaro
haddad,ciro,alckmin,bolsonaro
haddad,ciro,alckmin,bolsonaro
haddad,ciro,alckmin,bolsonaro
haddad,ciro,alckmin,bolsonaro
haddad,ciro,alckmin,bolsonaro
haddad,ciro,alckmin,bolsonaro
haddad,ciro,alckmin,bolsonaro
haddad,ciro,alckmin,bolsonaro
haddad,ciro,alckmin,bolsonaro
haddad,ciro,alckmin,bolsonaro
haddad,ciro,alckmin,bolsonaro
haddad,ciro,alckmin,bolsonaro
haddad,ciro,alckmin,bolsonaro
haddad,ciro,alckmin,bolsonaro
haddad,ciro,alckmin,bolsonaro
haddad,ciro,alckmin,bolsonaro
haddad,ciro,alckmin,bolsonaro
haddad,alckmin,ciro,bolsonaro
haddad,alckmin,ciro,bolsonaro
haddad,alckmin,ciro,bolsonaro
haddad,alckmin,ciro,bolsonaro
haddad,alckmin,ciro,bolsonaro
haddad,alckmin,ciro,bolsonaro
haddad,alckmin,ciro,bolsonaro
haddad,alckmin,ciro,bolsonaro
haddad,alckmin,ciro,bolsonaro
haddad,alckmin,ciro,bolsonaro
haddad,alckmin,ciro,bolsonaro
haddad,alckmin,ciro,bolsonaro
haddad,alckmin,ciro,bolsonaro
haddad,alckmin,ciro,bolsonaro
haddad,alckmin,ciro,bolsonaro
haddad,alckmin,ciro,bolsonaro
haddad,alckmin,ciro,bolsonaro
haddad,alckmin,ciro,bolsonaro
haddad,alckmin,ciro,bolsonaro
haddad,alckmin,ciro,bolsonaro
haddad,alckmin,ciro,bolsonaro
haddad,alckmin,ciro,bolsonaro
haddad,alckmin,ciro,bolsonaro
haddad,alckmin,ciro,bolsonaro
haddad,alckmin,ciro,bolsonaro
haddad,alckmin,ciro,bolsonaro
haddad,alckmin,ciro,bolsonaro
haddad,alckmin,ciro,bolsonaro
haddad,alckmin,ciro,bolsonaro
haddad,alckmin,ciro,bolsonaro
haddad,alckmin,ciro,bolsonaro
haddad,alckmin,ciro,bolsonaro
haddad,alckmin,ciro,bolsonaro
haddad,alckmin,ciro,bolsonaro
haddad,alckmin,ciro,bolsonaro
haddad,alckmin,ciro,bolsonaro
haddad,alckmin,ciro,bolsonaro
haddad,alckmin,ciro,bolsonaro
haddad,alckmin,ciro,bolsonaro
haddad,alckmin,ciro,bolsonaro
haddad,alckmin,ciro,bolsonaro
haddad,alckmin,ciro,bolsonaro
haddad,alckmin,ciro,bolsonaro
haddad,alckmin,ciro,bolsonaro
haddad,alckmin,ciro,bolsonaro
haddad,alckmin,ciro,bolsonaro
haddad,alckmin,ciro,bolsonaro
haddad,alckmin,ciro,bolsonaro
haddad,alckmin,ciro,bolsonaro
haddad,alckmin,ciro,bolsonaro
haddad,alckmin,ciro,bolsonaro
haddad,alckmin,ciro,bolsonaro
haddad,alckmin,ciro,bolsonaro
haddad,alckmin,ciro,bolsonaro
haddad,alckmin,ciro,bolsonaro
haddad,alckmin,ciro,bolsonaro
haddad,alckmin,ciro,bolsonaro
haddad,alckmin,ciro,bolsonaro
haddad,alckmin,ciro,bolsonaro
haddad,alckmin,ciro,bolsonaro
haddad,alckmin,ciro,bolsonaro
haddad,alckmin,ciro,bolsonaro
haddad,alckmin,ciro,bolsonaro
haddad,alckmin,ciro,bolsonaro
haddad,alckmin,ciro,bolsonaro
haddad,alckmin,ciro,bolsonaro
haddad,alckmin,ciro,bolsonaro
haddad,alckmin,ciro,bolsonaro
haddad,alckmin,ciro,bolsonaro
haddad,alckmin,ciro,bolsonaro
haddad,alckmin,ciro,bolsonaro
haddad,alckmin,ciro,bolsonaro
haddad,alckmin,ciro,bolsonaro
haddad,alckmin,ciro,bolsonaro
haddad,alckmin,ciro,bolsonaro
haddad,alckmin,ciro,bolsonaro
haddad,alckmin,ciro,bolsonaro
haddad,alckmin,ciro,bolsonaro
haddad,alckmin,ciro,bolsonaro
haddad,alckmin,ciro,bolsonaro
haddad,alckmin,ciro,bolsonaro
haddad,alckmin,ciro,bolsonaro
haddad,alckmin,ciro,bolsonaro
haddad,alckmin,ciro,bolsonaro
haddad,alckmin,ciro,bolsonaro
haddad,alckmin,ciro,bolsonaro
haddad,alckmin,ciro,bolsonaro
haddad,alckmin,ciro,bolsonaro
haddad,alckmin,ciro,bolsonaro
haddad,alckmin,ciro,bolsonaro
haddad,alckmin,ciro,bolsonaro
haddad,alckmin,ciro,bolsonaro
haddad,alckmin,ciro,bolsonaro
haddad,alckmin,ciro,bolsonaro
haddad,alckmin,ciro,bolsonaro
haddad,alckmin,ciro,bolsonaro
haddad,alckmin,ciro,bolsonaro
haddad,alckmin,ciro,bolsonaro
haddad,alckmin,ciro,bolsonaro
haddad,alckmin,ciro,bolsonaro
haddad,alckmin,ciro,bolsonaro
haddad,alckmin,ciro,bolsonaro
haddad,alckmin,ciro,bolsonaro
haddad,alckmin,ciro,bolsonaro
haddad,alckmin,ciro,bolsonaro
haddad,alckmin,ciro,bolsonaro
haddad,alckmin,ciro,bolsonaro
haddad,alckmin,ciro,bolsonaro
haddad,alckmin,ciro,bolsonaro
haddad,alckmin,ciro,bolsonaro
haddad,alckmin,ciro,bolsonaro
haddad,alckmin,ciro,bolsonaro
haddad,alckmin,ciro,bolsonaro
haddad,alckmin,ciro,bolsonaro
haddad,alckmin,ciro,bolsonaro
haddad,alckmin,ciro,bolsonaro
haddad,alckmin,ciro,bolsonaro
haddad,alckmin,ciro,bolsonaro
haddad,alckmin,ciro,bolsonaro
haddad,alckmin,ciro,bolsonaro
haddad,alckmin,ciro,bolsonaro
haddad,alckmin,ciro,bolsonaro
haddad,alckmin,ciro,bolsonaro
haddad,alckmin,ciro,bolsonaro
haddad,alckmin,ciro,bolsonaro
haddad,alckmin,ciro,bolsonaro
haddad,alckmin,ciro,bolsonaro
haddad,alckmin,ciro,bolsonaro
haddad,alckmin,ciro,bolsonaro
haddad,alckmin,ciro,bolsonaro
haddad,alckmin,ciro,bolsonaro
haddad,alckmin,ciro,bolsonaro
haddad,alckmin,ciro,bolsonaro
haddad,alckmin,ciro,bolsonaro
haddad,alckmin,ciro,bolsonaro
haddad,alckmin,ciro,bolsonaro
haddad,alckmin,ciro,bolsonaro
haddad,alckmin,ciro,bolsonaro
haddad,alckmin,ciro,bolsonaro
haddad,alckmin,ciro,bolsonaro
haddad,alckmin,ciro,bolsonaro
haddad,alckmin,ciro,bolsonaro
haddad,alckmin,ciro,bolsonaro
haddad,alckmin,ciro,bolsonaro
haddad,alckmin,ciro,bolsonaro
haddad,alckmin,ciro,bolsonaro
haddad,alckmin,ciro,bolsonaro
haddad,alckmin,ciro,bolsonaro
haddad,alckmin,ciro,bolsonaro
haddad,alckmin,ciro,bolsonaro
haddad,alckmin,ciro,bolsonaro
haddad,alckmin,ciro,bolsonaro
haddad,alckmin,ciro,bolsonaro
haddad,alckmin,ciro,bolsonaro
haddad,alckmin,ciro,bolsonaro
haddad,alckmin,ciro,bolsonaro
haddad,alckmin,ciro,bolsonaro
haddad,alckmin,ciro,bolsonaro
haddad,alckmin,ciro,bolsonaro
haddad,alckmin,ciro,bolsonaro
haddad,alckmin,ciro,bolsonaro
haddad,alckmin,ciro,bolsonaro
haddad,alckmin,ciro,bolsonaro
haddad,alckmin,ciro,bolsonaro
haddad,alckmin,ciro,bolsonaro
haddad,alckmin,ciro,bolsonaro
haddad,alckmin,ciro,bolsonaro
haddad,alckmin,ciro,bolsonaro
haddad,alckmin,ciro,bolsonaro
haddad,alckmin,ciro,bolsonaro
haddad,alckmin,ciro,bolsonaro
haddad,alckmin,ciro,bolsonaro
haddad,alckmin,ciro,bolsonaro
haddad,alckmin,ciro,bolsonaro
haddad,alckmin,ciro,bolsonaro
haddad,alckmin,ciro,bolsonaro
haddad,alckmin,ciro,bolsonaro
haddad,alckmin,ciro,bolsonaro
haddad,alckmin,ciro,bolsonaro
haddad,alckmin,ciro,bolsonaro
haddad,alckmin,ciro,bolsonaro
haddad,alckmin,ciro,bolsonaro
haddad,alckmin,ciro,bolsonaro
haddad,alckmin,ciro,bolsonaro
haddad,alckmin,ciro,bolsonaro
haddad,alckmin,ciro,bolsonaro
haddad,alckmin,ciro,bolsonaro
haddad,alckmin,ciro,bolsonaro
haddad,alckmin,ciro,bolsonaro
haddad,alckmin,ciro,bolsonaro
haddad,alckmin,ciro,bolsonaro
haddad,alckmin,ciro,bolsonaro
haddad,alckmin,ciro,bolsonaro
haddad,alckmin,ciro,bolsonaro
haddad,alckmin,ciro,bolsonaro
haddad,alckmin,ciro,bolsonaro
haddad,alckmin,ciro,bolsonaro
haddad,alckmin,ciro,bolsonaro
haddad,alckmin,ciro,bolsonaro
haddad,alckmin,ciro,bolsonaro
haddad,alckmin,ciro,bolsonaro
haddad,alckmin,ciro,bolsonaro
haddad,alckmin,ciro,bolsonaro
haddad,alckmin,ciro,bolsonaro
haddad,alckmin,ciro,bolsonaro
haddad,alckmin,ciro,bolsonaro
haddad,alckmin,ciro,bolsonaro
haddad,alckmin,ciro,bolsonaro
haddad,alckmin,ciro,bolsonaro
haddad,ciro,bolsonaro,alckmin
haddad,ciro,bolsonaro,alckmin
haddad,ciro,bolsonaro,alckmin
haddad,ciro,bolsonaro,alckmin
haddad,ciro,bolsonaro,alckmin
haddad,ciro,bolsonaro,alckmin
haddad,ciro,bolsonaro,alckmin
haddad,ciro,bolsonaro,alckmin
haddad,ciro,bolsonaro,alckmin
haddad,ciro,bolsonaro,alckmin
haddad,ciro,bolsonaro,alckmin
haddad,ciro,bolsonaro,alckmin
haddad,ciro,bolsonaro,alckmin
haddad,ciro,bolsonaro,alckmin
haddad,ciro,bolsonaro,alckmin
haddad,ciro,bolsonaro,alckmin
haddad,ciro,bolsonaro,alckmin
haddad,ciro,bolsonaro,alckmin
haddad,ciro,bolsonaro,alckmin
haddad,ciro,bolsonaro,alckmin
haddad,ciro,bolsonaro,alckmin
haddad,ciro,bolsonaro,alckmin
haddad,ciro,bolsonaro,alckmin
haddad,ciro,bolsonaro,alckmin
haddad,ciro,bolsonaro,alckmin
haddad,ciro,bolsonaro,alckmin
haddad,ciro,bolsonaro,alckmin
haddad,ciro,bolsonaro,alckmin
haddad,ciro,bolsonaro,alckmin
haddad,ciro,bolsonaro,alckmin
haddad,ciro,bolsonaro,alckmin
haddad,ciro,bolsonaro,alckmin
haddad,ciro,bolsonaro,alckmin
haddad,ciro,bolsonaro,alckmin
haddad,ciro,bolsonaro,alckmin
haddad,ciro,bolsonaro,alckmin
haddad,ciro,bolsonaro,alckmin
haddad,ciro,bolsonaro,alckmin
haddad,ciro,bolsonaro,alckmin
haddad,ciro,bolsonaro,alckmin
haddad,ciro,bolsonaro,alckmin
haddad,ciro,bolsonaro,alckmin
haddad,ciro,bolsonaro,alckmin
haddad,ciro,bolsonaro,alckmin
haddad,ciro,bolsonaro,alckmin
haddad,ciro,bolsonaro,alckmin
haddad,ciro,bolsonaro,alckmin
haddad,ciro,bolsonaro,alckmin
haddad,ciro,bolsonaro,alckmin
haddad,ciro,bolsonaro,alckmin
haddad,ciro,bolsonaro,alckmin
haddad,ciro,bolsonaro,alckmin
haddad,ciro,bolsonaro,alckmin
haddad,ciro,bolsonaro,alckmin
haddad,ciro,bolsonaro,alckmin
haddad,ciro,bolsonaro,alckmin
haddad,ciro,bolsonaro,alckmin
haddad,ciro,bolsonaro,alckmin
haddad,ciro,bolsonaro,alckmin
haddad,ciro,bolsonaro,alckmin
haddad,ciro,bolsonaro,alckmin
haddad,ciro,bolsonaro,alckmin
haddad,ciro,bolsonaro,alckmin
haddad,ciro,bolsonaro,alckmin
haddad,ciro,bolsonaro,alckmin
haddad,ciro,bolsonaro,alckmin
haddad,ciro,bolsonaro,alckmin
haddad,ciro,bolsonaro,alckmin
haddad,ciro,bolsonaro,alckmin
haddad,ciro,bolsonaro,alckmin
haddad,ciro,bolsonaro,alckmin
haddad,ciro,bolsonaro,alckmin
haddad,ciro,bolsonaro,alckmin
haddad,ciro,bolsonaro,alckmin
haddad,ciro,bolsonaro,alckmin
haddad,ciro,bolsonaro,alckmin
haddad,ciro,bolsonaro,alckmin
haddad,ciro,bolsonaro,alckmin
haddad,ciro,bolsonaro,alckmin
haddad,ciro,bolsonaro,alckmin
haddad,ciro,bolsonaro,alckmin
haddad,ciro,bolsonaro,alckmin
haddad,ciro,bolsonaro,alckmin
haddad,ciro,bolsonaro,alckmin
haddad,ciro,bolsonaro,alckmin
haddad,ciro,bolsonaro,alckmin
haddad,ciro,bolsonaro,alckmin
haddad,ciro,bolsonaro,alckmin
haddad,ciro,bolsonaro,alckmin
haddad,ciro,bolsonaro,alckmin
haddad,ciro,bolsonaro,alckmin
haddad,ciro,bolsonaro,alckmin
haddad,ciro,bolsonaro,alckmin
haddad,ciro,bolsonaro,alckmin
haddad,ciro,bolsonaro,alckmin
haddad,ciro,bolsonaro,alckmin
haddad,ciro,bolsonaro,alckmin
haddad,ciro,bolsonaro,alckmin
haddad,ciro,bolsonaro,alckmin
haddad,ciro,bolsonaro,alckmin
haddad,ciro,bolsonaro,alckmin
haddad,ciro,bolsonaro,alckmin
haddad,ciro,bolsonaro,alckmin
haddad,bolsonaro,ciro,alckmin
haddad,bolsonaro,ciro,alckmin
haddad,bolsonaro,ciro,alckmin
haddad,bolsonaro,ciro,alckmin
haddad,bolsonaro,ciro,alckmin
haddad,bolsonaro,ciro,alckmin
haddad,bolsonaro,ciro,alckmin
haddad,bolsonaro,ciro,alckmin
haddad,bolsonaro,ciro,alckmin
haddad,bolsonaro,ciro,alckmin
haddad,bolsonaro,ciro,alckmin
haddad,bolsonaro,ciro,alckmin
haddad,bolsonaro,ciro,alckmin
haddad,bolsonaro,ciro,alckmin
haddad,bolsonaro,ciro,alckmin
haddad,bolsonaro,ciro,alckmin
haddad,bolsonaro,ciro,alckmin
haddad,bolsonaro,ciro,alckmin
haddad,bolsonaro,ciro,alckmin
haddad,bolsonaro,ciro,alckmin
haddad,bolsonaro,ciro,alckmin
haddad,bolsonaro,ciro,alckmin
haddad,bolsonaro,ciro,alckmin
haddad,bolsonaro,ciro,alckmin
haddad,bolsonaro,ciro,alckmin
haddad,bolsonaro,ciro,alckmin
haddad,bolsonaro,ciro,alckmin
haddad,bolsonaro,ciro,alckmin
haddad,bolsonaro,ciro,alckmin
haddad,bolsonaro,ciro,alckmin
haddad,bolsonaro,ciro,alckmin
haddad,bolsonaro,ciro,alckmin
haddad,bolsonaro,ciro,alckmin
haddad,bolsonaro,ciro,alckmin
haddad,bolsonaro,ciro,alckmin
haddad,bolsonaro,ciro,alckmin
haddad,bolsonaro,ciro,alckmin
haddad,bolsonaro,ciro,alckmin
haddad,bolsonaro,ciro,alckmin
haddad,bolsonaro,ciro,alckmin
haddad,bolsonaro,ciro,alckmin
haddad,bolsonaro,ciro,alckmin
haddad,bolsonaro,ciro,alckmin
haddad,bolsonaro,ciro,alckmin
haddad,bolsonaro,ciro,alckmin
haddad,bolsonaro,ciro,alckmin
haddad,bolsonaro,alckmin,ciro
haddad,bolsonaro,alckmin,ciro
haddad,bolsonaro,alckmin,ciro
haddad,bolsonaro,alckmin,ciro
haddad,bolsonaro,alckmin,ciro
haddad,bolsonaro,alckmin,ciro
haddad,bolsonaro,alckmin,ciro
haddad,bolsonaro,alckmin,ciro
haddad,bolsonaro,alckmin,ciro
haddad,bolsonaro,alckmin,ciro
haddad,bolsonaro,alckmin,ciro
haddad,bolsonaro,alckmin,ciro
haddad,bolsonaro,alckmin,ciro
haddad,bolsonaro,alckmin,ciro
haddad,bolsonaro,alckmin,ciro
haddad,bolsonaro,alckmin,ciro
haddad,bolsonaro,alckmin,ciro
haddad,bolsonaro,alckmin,ciro
haddad,bolsonaro,alckmin,ciro
haddad,bolsonaro,alckmin,ciro
haddad,bolsonaro,alckmin,ciro
haddad,bolsonaro,alckmin,ciro
haddad,bolsonaro,alckmin,ciro
haddad,bolsonaro,alckmin,ciro
haddad,bolsonaro,alckmin,ciro
haddad,bolsonaro,alckmin,ciro
haddad,bolsonaro,alckmin,ciro
haddad,bolsonaro,alckmin,ciro
haddad,bolsonaro,alckmin,ciro
haddad,bolsonaro,alckmin,ciro
haddad,bolsonaro,alckmin,ciro
haddad,bolsonaro,alckmin,ciro
haddad,bolsonaro,alckmin,ciro
haddad,bolsonaro,alckmin,ciro
haddad,alckmin,bolsonaro,ciro
haddad,alckmin,bolsonaro,ciro
haddad,alckmin,bolsonaro,ciro
haddad,alckmin,bolsonaro,ciro
haddad,alckmin,bolsonaro,ciro
haddad,alckmin,bolsonaro,ciro
haddad,alckmin,bolsonaro,ciro
haddad,alckmin,bolsonaro,ciro
haddad,alckmin,bolsonaro,ciro
haddad,alckmin,bolsonaro,ciro
haddad,alckmin,bolsonaro,ciro
haddad,alckmin,bolsonaro,ciro
haddad,alckmin,bolsonaro,ciro
haddad,alckmin,bolsonaro,ciro
haddad,alckmin,bolsonaro,ciro
haddad,alckmin,bolsonaro,ciro
haddad,alckmin,bolsonaro,ciro
haddad,alckmin,bolsonaro,ciro
haddad,alckmin,bolsonaro,ciro
haddad,alckmin,bolsonaro,ciro
haddad,alckmin,bolsonaro,ciro
haddad,alckmin,bolsonaro,ciro
haddad,alckmin,bolsonaro,ciro
haddad,alckmin,bolsonaro,ciro
haddad,alckmin,bolsonaro,ciro
haddad,alckmin,bolsonaro,ciro
haddad,alckmin,bolsonaro,ciro
ciro,haddad,alckmin,bolsonaro
ciro,haddad,alckmin,bolsonaro
ciro,haddad,alckmin,bolsonaro
ciro,haddad,alckmin,bolsonaro
ciro,haddad,alckmin,bolsonaro
ciro,haddad,alckmin,bolsonaro
ciro,haddad,alckmin,bolsonaro
ciro,haddad,alckmin,bolsonaro
ciro,haddad,alckmin,bolsonaro
ciro,haddad,alckmin,bolsonaro
ciro,haddad,alckmin,bolsonaro
ciro,haddad,alckmin,bolsonaro
ciro,haddad,alckmin,bolsonaro
ciro,haddad,alckmin,bolsonaro
ciro,haddad,alckmin,bolsonaro
ciro,haddad,alckmin,bolsonaro
ciro,haddad,alckmin,bolsonaro
ciro,haddad,alckmin,bolsonaro
ciro,haddad,alckmin,bolsonaro
ciro,haddad,alckmin,bolsonaro
ciro,haddad,alckmin,bolsonaro
ciro,haddad,alckmin,bolsonaro
ciro,haddad,alckmin,bolsonaro
ciro,haddad,alckmin,bolsonaro
ciro,haddad,alckmin,bolsonaro
ciro,haddad,alckmin,bolsonaro
ciro,haddad,alckmin,bolsonaro
ciro,haddad,alckmin,bolsonaro
ciro,haddad,alckmin,bolsonaro
ciro,haddad,alckmin,bolsonaro
ciro,haddad,alckmin,bolsonaro
ciro,haddad,alckmin,bolsonaro
ciro,haddad,alckmin,bolsonaro
ciro,haddad,alckmin,bolsonaro
ciro,haddad,alckmin,bolsonaro
ciro,haddad,alckmin,bolsonaro
ciro,haddad,alckmin,bolsonaro
ciro,haddad,alckmin,bolsonaro
ciro,haddad,alckmin,bolsonaro
ciro,haddad,alckmin,bolsonaro
ciro,haddad,alckmin,bolsonaro
ciro,haddad,alckmin,bolsonaro
ciro,haddad,alckmin,bolsonaro
ciro,haddad,alckmin,bolsonaro
ciro,haddad,alckmin,bolsonaro
ciro,haddad,alckmin,bolsonaro
ciro,haddad,alckmin,bolsonaro
ciro,haddad,alckmin,bolsonaro
ciro,haddad,alckmin,bolsonaro
ciro,alckmin,haddad,bolsonaro
ciro,alckmin,haddad,bolsonaro
ciro,alckmin,haddad,bolsonaro
ciro,alckmin,haddad,bolsonaro
ciro,alckmin,haddad,bolsonaro
ciro,alckmin,haddad,bolsonaro
ciro,alckmin,haddad,bolsonaro
ciro,alckmin,haddad,bolsonaro
ciro,alckmin,haddad,bolsonaro
ciro,alckmin,haddad,bolsonaro
ciro,alckmin,haddad,bolsonaro
ciro,alckmin,haddad,bolsonaro
ciro,alckmin,haddad,bolsonaro
ciro,alckmin,haddad,bolsonaro
ciro,alckmin,haddad,bolsonaro
ciro,alckmin,haddad,bolsonaro
ciro,alckmin,haddad,bolsonaro
ciro,alckmin,haddad,bolsonaro
ciro,alckmin,haddad,bolsonaro
ciro,alckmin,haddad,bolsonaro
ciro,alckmin,haddad,bolsonaro
ciro,alckmin,haddad,bolsonaro
ciro,alckmin,haddad,bolsonaro
ciro,alckmin,haddad,bolsonaro
ciro,alckmin,haddad,bolsonaro
ciro,alckmin,haddad,bolsonaro
ciro,alckmin,haddad,bolsonaro
ciro,alckmin,haddad,bolsonaro
ciro,alckmin,haddad,bolsonaro
ciro,alckmin,haddad,bolsonaro
ciro,alckmin,haddad,bolsonaro
ciro,alckmin,haddad,bolsonaro
ciro,alckmin,haddad,bolsonaro
ciro,alckmin,haddad,bolsonaro
ciro,alckmin,haddad,bolsonaro
ciro,alckmin,haddad,bolsonaro
ciro,alckmin,haddad,bolsonaro
ciro,alckmin,haddad,bolsonaro
ciro,alckmin,haddad,bolsonaro
ciro,alckmin,haddad,bolsonaro
ciro,alckmin,haddad,bolsonaro
ciro,alckmin,haddad,bolsonaro
ciro,alckmin,haddad,bolsonaro
ciro,alckmin,haddad,bolsonaro
ciro,alckmin,haddad,bolsonaro
ciro,alckmin,haddad,bolsonaro
ciro,alckmin,haddad,bolsonaro
ciro,alckmin,haddad,bolsonaro
ciro,alckmin,haddad,bolsonaro
ciro,alckmin,haddad,bolsonaro
ciro,alckmin,haddad,bolsonaro
ciro,alckmin,haddad,bolsonaro
ciro,alckmin,haddad,bolsonaro
ciro,alckmin,haddad,bolsonaro
ciro,alckmin,haddad,bolsonaro
ciro,alckmin,haddad,bolsonaro
ciro,alckmin,haddad,bolsonaro
ciro,alckmin,haddad,bolsonaro
ciro,alckmin,haddad,bolsonaro
ciro,alckmin,haddad,bolsonaro
ciro,alckmin,haddad,bolsonaro
ciro,alckmin,haddad,bolsonaro
ciro,alckmin,haddad,bolsonaro
ciro,alckmin,haddad,bolsonaro
ciro,alckmin,haddad,bolsonaro
ciro,alckmin,haddad,bolsonaro
ciro,alckmin,haddad,bolsonaro
ciro,alckmin,haddad,bolsonaro
ciro,alckmin,haddad,bolsonaro
ciro,alckmin,haddad,bolsonaro
ciro,alckmin,haddad,bolsonaro
ciro,alckmin,haddad,bolsonaro
ciro,alckmin,haddad,bolsonaro
ciro,alckmin,haddad,bolsonaro
ciro,alckmin,haddad,bolsonaro
ciro,alckmin,haddad,bolsonaro
ciro,alckmin,haddad,bolsonaro
ciro,alckmin,haddad,bolsonaro
ciro,alckmin,haddad,bolsonaro
ciro,alckmin,haddad,bolsonaro
ciro,alckmin,haddad,bolsonaro
ciro,alckmin,haddad,bolsonaro
ciro,alckmin,haddad,bolsonaro
ciro,alckmin,haddad,bolsonaro
ciro,alckmin,haddad,bolsonaro
ciro,alckmin,haddad,bolsonaro
ciro,alckmin,haddad,bolsonaro
ciro,alckmin,haddad,bolsonaro
ciro,alckmin,haddad,bolsonaro
ciro,alckmin,haddad,bolsonaro
ciro,alckmin,haddad,bolsonaro
ciro,alckmin,haddad,bolsonaro
ciro,alckmin,haddad,bolsonaro
ciro,alckmin,haddad,bolsonaro
ciro,alckmin,haddad,bolsonaro
ciro,alckmin,haddad,bolsonaro
ciro,alckmin,haddad,bolsonaro
ciro,alckmin,haddad,bolsonaro
ciro,alckmin,haddad,bolsonaro
ciro,alckmin,haddad,bolsonaro
ciro,alckmin,haddad,bolsonaro
ciro,alckmin,haddad,bolsonaro
ciro,alckmin,haddad,bolsonaro
ciro,alckmin,haddad,bolsonaro
ciro,alckmin,haddad,bolsonaro
ciro,alckmin,haddad,bolsonaro
ciro,alckmin,haddad,bolsonaro
ciro,alckmin,haddad,bolsonaro
ciro,alckmin,haddad,bolsonaro
ciro,alckmin,haddad,bolsonaro
ciro,alckmin,haddad,bolsonaro
ciro,alckmin,haddad,bolsonaro
ciro,alckmin,haddad,bolsonaro
ciro,alckmin,haddad,bolsonaro
ciro,alckmin,haddad,bolsonaro
ciro,alckmin,haddad,bolsonaro
ciro,alckmin,haddad,bolsonaro
ciro,alckmin,haddad,bolsonaro
ciro,alckmin,haddad,bolsonaro
ciro,alckmin,haddad,bolsonaro
ciro,alckmin,haddad,bolsonaro
ciro,alckmin,haddad,bolsonaro
ciro,alckmin,haddad,bolsonaro
ciro,alckmin,haddad,bolsonaro
ciro,alckmin,haddad,bolsonaro
ciro,alckmin,haddad,bolsonaro
ciro,alckmin,haddad,bolsonaro
ciro,alckmin,haddad,bolsonaro
ciro,alckmin,haddad,bolsonaro
ciro,alckmin,haddad,bolsonaro
ciro,alckmin,haddad,bolsonaro
ciro,alckmin,haddad,bolsonaro
ciro,alckmin,haddad,bolsonaro
ciro,alckmin,haddad,bolsonaro
ciro,alckmin,haddad,bolsonaro
ciro,alckmin,haddad,bolsonaro
ciro,alckmin,haddad,bolsonaro
ciro,alckmin,haddad,bolsonaro
ciro,alckmin,haddad,bolsonaro
ciro,alckmin,haddad,bolsonaro
ciro,alckmin,haddad,bolsonaro
ciro,alckmin,haddad,bolsonaro
ciro,alckmin,haddad,bolsonaro
ciro,alckmin,haddad,bolsonaro
ciro,alckmin,haddad,bolsonaro
ciro,alckmin,haddad,bolsonaro
ciro,alckmin,haddad,bolsonaro
ciro,alckmin,haddad,bolsonaro
ciro,alckmin,bolsonaro,haddad
ciro,alckmin,bolsonaro,haddad
ciro,alckmin,bolsonaro,haddad
ciro,alckmin,bolsonaro,haddad
ciro,alckmin,bolsonaro,haddad
ciro,alckmin,bolsonaro,haddad
ciro,alckmin,bolsonaro,haddad
ciro,alckmin,bolsonaro,haddad
ciro,alckmin,bolsonaro,haddad
ciro,alckmin,bolsonaro,haddad
ciro,alckmin,bolsonaro,haddad
ciro,alckmin,bolsonaro,haddad
ciro,alckmin,bolsonaro,haddad
ciro,alckmin,bolsonaro,haddad
ciro,alckmin,bolsonaro,haddad
ciro,alckmin,bolsonaro,haddad
ciro,alckmin,bolsonaro,haddad
ciro,alckmin,bolsonaro,haddad
ciro,alckmin,bolsonaro,haddad
ciro,alckmin,bolsonaro,haddad
ciro,alckmin,bolsonaro,haddad
ciro,alckmin,bolsonaro,haddad
ciro,alckmin,bolsonaro,haddad
ciro,alckmin,bolsonaro,haddad
ciro,alckmin,bolsonaro,haddad
ciro,alckmin,bolsonaro,haddad
ciro,alckmin,bolsonaro,haddad
ciro,alckmin,bolsonaro,haddad
ciro,alckmin,bolsonaro,haddad
ciro,alckmin,bolsonaro,haddad
ciro,alckmin,bolsonaro,haddad
ciro,alckmin,bolsonaro,haddad
ciro,alckmin,bolsonaro,haddad
ciro,alckmin,bolsonaro,haddad
ciro,alckmin,bolsonaro,haddad
ciro,alckmin,bolsonaro,haddad
ciro,alckmin,bolsonaro,haddad
ciro,alckmin,bolsonaro,haddad
ciro,alckmin,bolsonaro,haddad
ciro,alckmin,bolsonaro,haddad
ciro,alckmin,bolsonaro,haddad
ciro,alckmin,bolsonaro,haddad
ciro,alckmin,bolsonaro,haddad
ciro,alckmin,bolsonaro,haddad
ciro,alckmin,bolsonaro,haddad
ciro,alckmin,bolsonaro,haddad
ciro,alckmin,bolsonaro,haddad
ciro,alckmin,bolsonaro,haddad
ciro,alckmin,bolsonaro,haddad
ciro,alckmin,bolsonaro,haddad
ciro,alckmin,bolsonaro,haddad
ciro,alckmin,bolsonaro,haddad
ciro,alckmin,bolsonaro,haddad
ciro,alckmin,bolsonaro,haddad
ciro,alckmin,bolsonaro,haddad
ciro,alckmin,bolsonaro,haddad
ciro,alckmin,bolsonaro,haddad
ciro,alckmin,bolsonaro,haddad
ciro,alckmin,bolsonaro,haddad
ciro,alckmin,bolsonaro,haddad
ciro,alckmin,bolsonaro,haddad
ciro,alckmin,bolsonaro,haddad
ciro,alckmin,bolsonaro,haddad
ciro,alckmin,bolsonaro,haddad
ciro,alckmin,bolsonaro,haddad
ciro,alckmin,bolsonaro,haddad
ciro,alckmin,bolsonaro,haddad
ciro,alckmin,bolsonaro,haddad
ciro,alckmin,bolsonaro,haddad
ciro,alckmin,bolsonaro,haddad
ciro,alckmin,bolsonaro,haddad
ciro,alckmin,bolsonaro,haddad
ciro,alckmin,bolsonaro,haddad
ciro,alckmin,bolsonaro,haddad
ciro,alckmin,bolsonaro,haddad
ciro,alckmin,bolsonaro,haddad
ciro,alckmin,bolsonaro,haddad
ciro,alckmin,bolsonaro,haddad
ciro,alckmin,bolsonaro,haddad
ciro,alckmin,bolsonaro,haddad
ciro,bolsonaro,alckmin,haddad
ciro,bolsonaro,alckmin,haddad
ciro,bolsonaro,alckmin,haddad
ciro,bolsonaro,alckmin,haddad
ciro,bolsonaro,alckmin,haddad
ciro,bolsonaro,alckmin,haddad
ciro,bolsonaro,alckmin,haddad
ciro,bolsonaro,alckmin,haddad
ciro,bolsonaro,alckmin,haddad
ciro,bolsonaro,alckmin,haddad
ciro,bolsonaro,alckmin,haddad
ciro,bolsonaro,alckmin,haddad
ciro,bolsonaro,alckmin,haddad
ciro,bolsonaro,alckmin,haddad
ciro,bolsonaro,alckmin,haddad
ciro,bolsonaro,alckmin,haddad
ciro,bolsonaro,alckmin,haddad
ciro,bolsonaro,alckmin,haddad
ciro,bolsonaro,alckmin,haddad
ciro,bolsonaro,alckmin,haddad
ciro,bolsonaro,alckmin,haddad
ciro,bolsonaro,alckmin,haddad
ciro,bolsonaro,alckmin,haddad
ciro,bolsonaro,alckmin,haddad
ciro,bolsonaro,alckmin,haddad
ciro,bolsonaro,alckmin,haddad
ciro,bolsonaro,alckmin,haddad
ciro,bolsonaro,alckmin,haddad
ciro,bolsonaro,alckmin,haddad
ciro,bolsonaro,alckmin,haddad
ciro,bolsonaro,alckmin,haddad
ciro,bolsonaro,alckmin,haddad
ciro,bolsonaro,alckmin,haddad
ciro,bolsonaro,alckmin,haddad
ciro,bolsonaro,alckmin,haddad
ciro,bolsonaro,alckmin,haddad
ciro,bolsonaro,alckmin,haddad
ciro,bolsonaro,alckmin,haddad
ciro,bolsonaro,alckmin,haddad
ciro,bolsonaro,alckmin,haddad
ciro,bolsonaro,alckmin,haddad
ciro,bolsonaro,alckmin,haddad
ciro,bolsonaro,alckmin,haddad
ciro,bolsonaro,alckmin,haddad
ciro,bolsonaro,alckmin,haddad
ciro,bolsonaro,alckmin,haddad
ciro,bolsonaro,alckmin,haddad
ciro,bolsonaro,alckmin,haddad
ciro,bolsonaro,alckmin,haddad
ciro,bolsonaro,alckmin,haddad
ciro,bolsonaro,alckmin,haddad
ciro,bolsonaro,alckmin,haddad
ciro,bolsonaro,alckmin,haddad
ciro,bolsonaro,alckmin,haddad
ciro,bolsonaro,alckmin,haddad
ciro,bolsonaro,alckmin,haddad
ciro,bolsonaro,alckmin,haddad
ciro,bolsonaro,alckmin,haddad
ciro,bolsonaro,alckmin,haddad
ciro,bolsonaro,alckmin,haddad
ciro,haddad,bolsonaro,alckmin
ciro,haddad,bolsonaro,alckmin
ciro,haddad,bolsonaro,alckmin
ciro,haddad,bolsonaro,alckmin
ciro,haddad,bolsonaro,alckmin
ciro,haddad,bolsonaro,alckmin
ciro,haddad,bolsonaro,alckmin
ciro,haddad,bolsonaro,alckmin
ciro,haddad,bolsonaro,alckmin
ciro,haddad,bolsonaro,alckmin
ciro,haddad,bolsonaro,alckmin
ciro,haddad,bolsonaro,alckmin
ciro,haddad,bolsonaro,alckmin
ciro,haddad,bolsonaro,alckmin
ciro,haddad,bolsonaro,alckmin
ciro,haddad,bolsonaro,alckmin
ciro,haddad,bolsonaro,alckmin
ciro,haddad,bolsonaro,alckmin
ciro,haddad,bolsonaro,alckmin
ciro,haddad,bolsonaro,alckmin
ciro,haddad,bolsonaro,alckmin
ciro,haddad,bolsonaro,alckmin
ciro,haddad,bolsonaro,alckmin
ciro,haddad,bolsonaro,alckmin
ciro,haddad,bolsonaro,alckmin
ciro,haddad,bolsonaro,alckmin
ciro,haddad,bolsonaro,alckmin
ciro,haddad,bolsonaro,alckmin
ciro,haddad,bolsonaro,alckmin
ciro,haddad,bolsonaro,alckmin
ciro,haddad,bolsonaro,alckmin
ciro,haddad,bolsonaro,alckmin
ciro,haddad,bolsonaro,alckmin
ciro,haddad,bolsonaro,alckmin
ciro,haddad,bolsonaro,alckmin
ciro,bolsonaro,haddad,alckmin
ciro,bolsonaro,haddad,alckmin
ciro,bolsonaro,haddad,alckmin
ciro,bolsonaro,haddad,alckmin
ciro,bolsonaro,haddad,alckmin
ciro,bolsonaro,haddad,alckmin
ciro,bolsonaro,haddad,alckmin
ciro,bolsonaro,haddad,alckmin
ciro,bolsonaro,haddad,alckmin
ciro,bolsonaro,haddad,alckmin
ciro,bolsonaro,haddad,alckmin
ciro,bolsonaro,haddad,alckmin
ciro,bolsonaro,haddad,alckmin
ciro,bolsonaro,haddad,alckmin
ciro,bolsonaro,haddad,alckmin
ciro,bolsonaro,haddad,alckmin
ciro,bolsonaro,haddad,alckmin
ciro,bolsonaro,haddad,alckmin
ciro,bolsonaro,haddad,alckmin
ciro,bolsonaro,haddad,alckmin
ciro,bolsonaro,haddad,alckmin
ciro,bolsonaro,haddad,alckmin
ciro,bolsonaro,haddad,alckmin
ciro,bolsonaro,haddad,alckmin
alckmin,ciro,bolsonaro,haddad
alckmin,ciro,bolsonaro,haddad
alckmin,ciro,bolsonaro,haddad
alckmin,ciro,bolsonaro,haddad
alckmin,ciro,bolsonaro,haddad
alckmin,ciro,bolsonaro,haddad
alckmin,ciro,bolsonaro,haddad
alckmin,ciro,bolsonaro,haddad
alckmin,ciro,bolsonaro,haddad
alckmin,bolsonaro,ciro,haddad
alckmin,bolsonaro,ciro,haddad
alckmin,bolsonaro,ciro,haddad
alckmin,bolsonaro,ciro,haddad
alckmin,bolsonaro,ciro,haddad
alckmin,bolsonaro,ciro,haddad
alckmin,bolsonaro,ciro,haddad
alckmin,bolsonaro,ciro,haddad
alckmin,bolsonaro,ciro,haddad
alckmin,bolsonaro,ciro,haddad
alckmin,bolsonaro,ciro,haddad
alckmin,bolsonaro,ciro,haddad
alckmin,bolsonaro,ciro,haddad
alckmin,bolsonaro,ciro,haddad
alckmin,bolsonaro,ciro,haddad
alckmin,bolsonaro,ciro,haddad
alckmin,bolsonaro,ciro,haddad
alckmin,bolsonaro,ciro,haddad
alckmin,bolsonaro,ciro,haddad
alckmin,bolsonaro,ciro,haddad
alckmin,bolsonaro,ciro,haddad
alckmin,bolsonaro,ciro,haddad
alckmin,bolsonaro,ciro,haddad
alckmin,bolsonaro,ciro,haddad
alckmin,bolsonaro,ciro,haddad
alckmin,bolsonaro,ciro,haddad
alckmin,bolsonaro,ciro,haddad
alckmin,bolsonaro,ciro,haddad
alckmin,bolsonaro,ciro,haddad
alckmin,bolsonaro,ciro,haddad
alckmin,bolsonaro,ciro,haddad
alckmin,bolsonaro,ciro,haddad
alckmin,bolsonaro,ciro,haddad
alckmin,bolsonaro,ciro,haddad
alckmin,bolsonaro,ciro,haddad
alckmin,bolsonaro,ciro,haddad
alckmin,bolsonaro,ciro,haddad
alckmin,bolsonaro,ciro,haddad
alckmin,bolsonaro,ciro,haddad
alckmin,bolsonaro,ciro,haddad
alckmin,bolsonaro,ciro,haddad
alckmin,bolsonaro,ciro,haddad
alckmin,bolsonaro,ciro,haddad
alckmin,bolsonaro,ciro,haddad
alckmin,bolsonaro,ciro,haddad
alckmin,bolsonaro,ciro,haddad
alckmin,bolsonaro,ciro,haddad
alckmin,bolsonaro,ciro,haddad
alckmin,bolsonaro,ciro,haddad
alckmin,bolsonaro,ciro,haddad
alckmin,bolsonaro,ciro,haddad
alckmin,bolsonaro,ciro,haddad
alckmin,bolsonaro,ciro,haddad
alckmin,bolsonaro,ciro,haddad
alckmin,bolsonaro,ciro,haddad
alckmin,bolsonaro,ciro,haddad
alckmin,bolsonaro,ciro,haddad
alckmin,bolsonaro,ciro,haddad
alckmin,bolsonaro,ciro,haddad
alckmin,bolsonaro,ciro,haddad
alckmin,bolsonaro,ciro,haddad
alckmin,bolsonaro,ciro,haddad
alckmin,bolsonaro,ciro,haddad
alckmin,bolsonaro,ciro,haddad
alckmin,bolsonaro,ciro,haddad
alckmin,bolsonaro,ciro,haddad
alckmin,bolsonaro,ciro,haddad
alckmin,bolsonaro,ciro,haddad
alckmin,bolsonaro,ciro,haddad
alckmin,bolsonaro,ciro,haddad
alckmin,bolsonaro,ciro,haddad
alckmin,bolsonaro,ciro,haddad
alckmin,bolsonaro,ciro,haddad
alckmin,bolsonaro,ciro,haddad
alckmin,bolsonaro,ciro,haddad
alckmin,bolsonaro,ciro,haddad
alckmin,bolsonaro,ciro,haddad
alckmin,bolsonaro,ciro,haddad
alckmin,bolsonaro,ciro,haddad
alckmin,bolsonaro,ciro,haddad
alckmin,bolsonaro,ciro,haddad
alckmin,bolsonaro,ciro,haddad
alckmin,bolsonaro,haddad,ciro
alckmin,bolsonaro,haddad,ciro
alckmin,bolsonaro,haddad,ciro
alckmin,bolsonaro,haddad,ciro
alckmin,bolsonaro,haddad,ciro
alckmin,bolsonaro,haddad,ciro
alckmin,bolsonaro,haddad,ciro
alckmin,bolsonaro,haddad,ciro
alckmin,bolsonaro,haddad,ciro
alckmin,bolsonaro,haddad,ciro
alckmin,bolsonaro,haddad,ciro
alckmin,bolsonaro,haddad,ciro
alckmin,bolsonaro,haddad,ciro
alckmin,bolsonaro,haddad,ciro
alckmin,bolsonaro,haddad,ciro
alckmin,bolsonaro,haddad,ciro
alckmin,bolsonaro,haddad,ciro
alckmin,bolsonaro,haddad,ciro
alckmin,bolsonaro,haddad,ciro
alckmin,bolsonaro,haddad,ciro
alckmin,bolsonaro,haddad,ciro
alckmin,bolsonaro,haddad,ciro
alckmin,bolsonaro,haddad,ciro
alckmin,bolsonaro,haddad,ciro
alckmin,bolsonaro,haddad,ciro
alckmin,bolsonaro,haddad,ciro
alckmin,bolsonaro,haddad,ciro
alckmin,bolsonaro,haddad,ciro
alckmin,bolsonaro,haddad,ciro
alckmin,bolsonaro,haddad,ciro
alckmin,bolsonaro,haddad,ciro
alckmin,bolsonaro,haddad,ciro
alckmin,bolsonaro,haddad,ciro
alckmin,bolsonaro,haddad,ciro
alckmin,bolsonaro,haddad,ciro
alckmin,bolsonaro,haddad,ciro
alckmin,bolsonaro,haddad,ciro
alckmin,bolsonaro,haddad,ciro
alckmin,bolsonaro,haddad,ciro
alckmin,bolsonaro,haddad,ciro
alckmin,bolsonaro,haddad,ciro
alckmin,bolsonaro,haddad,ciro
alckmin,bolsonaro,haddad,ciro
alckmin,bolsonaro,haddad,ciro
alckmin,haddad,bolsonaro,ciro
alckmin,haddad,bolsonaro,ciro
alckmin,haddad,bolsonaro,ciro
alckmin,haddad,bolsonaro,ciro
alckmin,haddad,bolsonaro,ciro
alckmin,haddad,bolsonaro,ciro
alckmin,haddad,bolsonaro,ciro
alckmin,haddad,bolsonaro,ciro
alckmin,haddad,bolsonaro,ciro
alckmin,haddad,bolsonaro,ciro
alckmin,haddad,bolsonaro,ciro
alckmin,haddad,bolsonaro,ciro
alckmin,haddad,bolsonaro,ciro
alckmin,haddad,bolsonaro,ciro
alckmin,haddad,bolsonaro,ciro
alckmin,haddad,bolsonaro,ciro
bolsonaro,alckmin,ciro,haddad
bolsonaro,alckmin,ciro,haddad
bolsonaro,alckmin,ciro,haddad
bolsonaro,alckmin,ciro,haddad
bolsonaro,alckmin,ciro,haddad
bolsonaro,alckmin,ciro,haddad
bolsonaro,alckmin,ciro,haddad
bolsonaro,alckmin,ciro,haddad
bolsonaro,alckmin,ciro,haddad
bolsonaro,alckmin,ciro,haddad
bolsonaro,alckmin,ciro,haddad
bolsonaro,alckmin,ciro,haddad
bolsonaro,alckmin,ciro,haddad
bolsonaro,alckmin,ciro,haddad
bolsonaro,alckmin,ciro,haddad
bolsonaro,alckmin,ciro,haddad
bolsonaro,alckmin,ciro,haddad
bolsonaro,alckmin,ciro,haddad
bolsonaro,alckmin,ciro,haddad
bolsonaro,alckmin,ciro,haddad
bolsonaro,alckmin,ciro,haddad
bolsonaro,alckmin,ciro,haddad
bolsonaro,alckmin,ciro,haddad
bolsonaro,alckmin,ciro,haddad
bolsonaro,alckmin,ciro,haddad
bolsonaro,alckmin,ciro,haddad
bolsonaro,alckmin,ciro,haddad
bolsonaro,alckmin,ciro,haddad
bolsonaro,alckmin,ciro,haddad
bolsonaro,alckmin,ciro,haddad
bolsonaro,alckmin,ciro,haddad
bolsonaro,alckmin,ciro,haddad
bolsonaro,alckmin,ciro,haddad
bolsonaro,alckmin,ciro,haddad
bolsonaro,alckmin,ciro,haddad
bolsonaro,alckmin,ciro,haddad
bolsonaro,alckmin,ciro,haddad
bolsonaro,alckmin,ciro,haddad
bolsonaro,alckmin,ciro,haddad
bolsonaro,alckmin,ciro,haddad
bolsonaro,alckmin,ciro,haddad
bolsonaro,alckmin,ciro,haddad
bolsonaro,alckmin,ciro,haddad
bolsonaro,alckmin,ciro,haddad
bolsonaro,alckmin,ciro,haddad
bolsonaro,alckmin,ciro,haddad
bolsonaro,alckmin,ciro,haddad
bolsonaro,alckmin,ciro,haddad
bolsonaro,alckmin,ciro,haddad
bolsonaro,alckmin,ciro,haddad
bolsonaro,alckmin,ciro,haddad
bolsonaro,alckmin,ciro,haddad
bolsonaro,alckmin,ciro,haddad
bolsonaro,alckmin,ciro,haddad
bolsonaro,alckmin,ciro,haddad
bolsonaro,alckmin,ciro,haddad
bolsonaro,alckmin,ciro,haddad
bolsonaro,alckmin,ciro,haddad
bolsonaro,alckmin,ciro,haddad
bolsonaro,alckmin,ciro,haddad
bolsonaro,alckmin,ciro,haddad
bolsonaro,alckmin,ciro,haddad
bolsonaro,alckmin,ciro,haddad
bolsonaro,alckmin,ciro,haddad
bolsonaro,alckmin,ciro,haddad
bolsonaro,alckmin,ciro,haddad
bolsonaro,alckmin,ciro,haddad
bolsonaro,alckmin,ciro,haddad
bolsonaro,alckmin,ciro,haddad
bolsonaro,alckmin,ciro,haddad
bolsonaro,alckmin,ciro,haddad
bolsonaro,alckmin,ciro,haddad
bolsonaro,alckmin,ciro,haddad
bolsonaro,alckmin,ciro,haddad
bolsonaro,alckmin,ciro,haddad
bolsonaro,alckmin,ciro,haddad
bolsonaro,alckmin,ciro,haddad
bolsonaro,alckmin,ciro,haddad
bolsonaro,alckmin,ciro,haddad
bolsonaro,alckmin,ciro,haddad
bolsonaro,alckmin,ciro,haddad
bolsonaro,alckmin,ciro,haddad
bolsonaro,alckmin,ciro,haddad
bolsonaro,alckmin,ciro,haddad
bolsonaro,alckmin,ciro,haddad
bolsonaro,alckmin,ciro,haddad
bolsonaro,alckmin,ciro,haddad
bolsonaro,alckmin,ciro,haddad
bolsonaro,alckmin,ciro,haddad
bolsonaro,alckmin,ciro,haddad
bolsonaro,alckmin,ciro,haddad
bolsonaro,alckmin,ciro,haddad
bolsonaro,alckmin,ciro,haddad
bolsonaro,alckmin,ciro,haddad
bolsonaro,alckmin,ciro,haddad
bolsonaro,alckmin,ciro,haddad
bolsonaro,alckmin,ciro,haddad
bolsonaro,alckmin,ciro,haddad
bolsonaro,alckmin,ciro,haddad
bolsonaro,alckmin,ciro,haddad
bolsonaro,alckmin,ciro,haddad
bolsonaro,alckmin,ciro,haddad
bolsonaro,alckmin,ciro,haddad
bolsonaro,alckmin,ciro,haddad
bolsonaro,alckmin,ciro,haddad
bolsonaro,alckmin,ciro,haddad
bolsonaro,alckmin,ciro,haddad
bolsonaro,alckmin,ciro,haddad
bolsonaro,alckmin,ciro,haddad
bolsonaro,alckmin,ciro,haddad
bolsonaro,alckmin,ciro,haddad
bolsonaro,alckmin,ciro,haddad
bolsonaro,alckmin,ciro,haddad
bolsonaro,alckmin,ciro,haddad
bolsonaro,alckmin,ciro,haddad
bolsonaro,alckmin,ciro,haddad
bolsonaro,alckmin,ciro,haddad
bolsonaro,alckmin,ciro,haddad
bolsonaro,alckmin,ciro,haddad
bolsonaro,alckmin,ciro,haddad
bolsonaro,alckmin,ciro,haddad
bolsonaro,alckmin,ciro,haddad
bolsonaro,alckmin,ciro,haddad
bolsonaro,alckmin,ciro,haddad
bolsonaro,alckmin,ciro,haddad
bolsonaro,alckmin,ciro,haddad
bolsonaro,alckmin,ciro,haddad
bolsonaro,alckmin,ciro,haddad
bolsonaro,alckmin,ciro,haddad
bolsonaro,alckmin,ciro,haddad
bolsonaro,alckmin,ciro,haddad
bolsonaro,alckmin,ciro,haddad
bolsonaro,alckmin,ciro,haddad
bolsonaro,alckmin,ciro,haddad
bolsonaro,alckmin,ciro,haddad
bolsonaro,alckmin,ciro,haddad
bolsonaro,alckmin,ciro,haddad
bolsonaro,alckmin,ciro,haddad
bolsonaro,alckmin,ciro,haddad
bolsonaro,alckmin,ciro,haddad
bolsonaro,alckmin,ciro,haddad
bolsonaro,alckmin,ciro,haddad
bolsonaro,alckmin,ciro,haddad
bolsonaro,alckmin,ciro,haddad
bolsonaro,alckmin,ciro,haddad
bolsonaro,alckmin,ciro,haddad
bolsonaro,alckmin,ciro,haddad
bolsonaro,alckmin,ciro,haddad
bolsonaro,alckmin,ciro,haddad
bolsonaro,alckmin,ciro,haddad
bolsonaro,alckmin,ciro,haddad
bolsonaro,alckmin,ciro,haddad
bolsonaro,alckmin,ciro,haddad
bolsonaro,alckmin,ciro,haddad
bolsonaro,alckmin,ciro,haddad
bolsonaro,alckmin,ciro,haddad
bolsonaro,alckmin,ciro,haddad
bolsonaro,alckmin,ciro,haddad
bolsonaro,alckmin,ciro,haddad
bolsonaro,alckmin,ciro,haddad
bolsonaro,alckmin,ciro,haddad
bolsonaro,alckmin,ciro,haddad
bolsonaro,alckmin,ciro,haddad
bolsonaro,alckmin,ciro,haddad
bolsonaro,alckmin,ciro,haddad
bolsonaro,alckmin,ciro,haddad
bolsonaro,alckmin,ciro,haddad
bolsonaro,alckmin,ciro,haddad
bolsonaro,alckmin,ciro,haddad
bolsonaro,alckmin,ciro,haddad
bolsonaro,alckmin,ciro,haddad
bolsonaro,alckmin,ciro,haddad
bolsonaro,alckmin,ciro,haddad
bolsonaro,alckmin,ciro,haddad
bolsonaro,alckmin,ciro,haddad
bolsonaro,alckmin,ciro,haddad
bolsonaro,alckmin,ciro,haddad
bolsonaro,alckmin,ciro,haddad
bolsonaro,alckmin,ciro,haddad
bolsonaro,alckmin,ciro,haddad
bolsonaro,alckmin,ciro,haddad
bolsonaro,alckmin,ciro,haddad
bolsonaro,alckmin,ciro,haddad
bolsonaro,alckmin,ciro,haddad
bolsonaro,alckmin,ciro,haddad
bolsonaro,alckmin,ciro,haddad
bolsonaro,alckmin,ciro,haddad
bolsonaro,alckmin,ciro,haddad
bolsonaro,alckmin,ciro,haddad
bolsonaro,alckmin,ciro,haddad
bolsonaro,alckmin,ciro,haddad
bolsonaro,alckmin,ciro,haddad
bolsonaro,alckmin,ciro,haddad
bolsonaro,alckmin,ciro,haddad
bolsonaro,alckmin,ciro,haddad
bolsonaro,alckmin,ciro,haddad
bolsonaro,alckmin,ciro,haddad
bolsonaro,alckmin,ciro,haddad
bolsonaro,alckmin,ciro,haddad
bolsonaro,alckmin,ciro,haddad
bolsonaro,alckmin,ciro,haddad
bolsonaro,alckmin,ciro,haddad
bolsonaro,alckmin,ciro,haddad
bolsonaro,alckmin,ciro,haddad
bolsonaro,alckmin,ciro,haddad
bolsonaro,alckmin,ciro,haddad
bolsonaro,alckmin,ciro,haddad
bolsonaro,alckmin,ciro,haddad
bolsonaro,alckmin,ciro,haddad
bolsonaro,alckmin,ciro,haddad
bolsonaro,alckmin,ciro,haddad
bolsonaro,alckmin,ciro,haddad
bolsonaro,alckmin,ciro,haddad
bolsonaro,alckmin,ciro,haddad
bolsonaro,alckmin,ciro,haddad
bolsonaro,alckmin,ciro,haddad
bolsonaro,alckmin,ciro,haddad
bolsonaro,alckmin,ciro,haddad
bolsonaro,alckmin,ciro,haddad
bolsonaro,alckmin,ciro,haddad
bolsonaro,alckmin,ciro,haddad
bolsonaro,alckmin,ciro,haddad
bolsonaro,alckmin,ciro,haddad
bolsonaro,alckmin,ciro,haddad
bolsonaro,alckmin,ciro,haddad
bolsonaro,alckmin,ciro,haddad
bolsonaro,alckmin,ciro,haddad
bolsonaro,alckmin,ciro,haddad
bolsonaro,alckmin,ciro,haddad
bolsonaro,alckmin,ciro,haddad
bolsonaro,alckmin,ciro,haddad
bolsonaro,alckmin,ciro,haddad
bolsonaro,alckmin,ciro,haddad
bolsonaro,alckmin,ciro,haddad
bolsonaro,alckmin,ciro,haddad
bolsonaro,alckmin,ciro,haddad
bolsonaro,alckmin,ciro,haddad
bolsonaro,alckmin,ciro,haddad
bolsonaro,alckmin,ciro,haddad
bolsonaro,alckmin,ciro,haddad
bolsonaro,alckmin,ciro,haddad
bolsonaro,alckmin,ciro,haddad
bolsonaro,alckmin,ciro,haddad
bolsonaro,alckmin,ciro,haddad
bolsonaro,alckmin,ciro,haddad
bolsonaro,alckmin,ciro,haddad
bolsonaro,alckmin,ciro,haddad
bolsonaro,alckmin,ciro,haddad
bolsonaro,alckmin,ciro,haddad
bolsonaro,alckmin,ciro,haddad
bolsonaro,alckmin,ciro,haddad
bolsonaro,alckmin,ciro,haddad
bolsonaro,alckmin,ciro,haddad
bolsonaro,alckmin,ciro,haddad
bolsonaro,alckmin,ciro,haddad
bolsonaro,alckmin,ciro,haddad
bolsonaro,alckmin,ciro,haddad
bolsonaro,alckmin,ciro,haddad
bolsonaro,alckmin,ciro,haddad
bolsonaro,alckmin,ciro,haddad
bolsonaro,alckmin,ciro,haddad
bolsonaro,alckmin,ciro,haddad
bolsonaro,alckmin,ciro,haddad
bolsonaro,alckmin,ciro,haddad
bolsonaro,alckmin,ciro,haddad
bolsonaro,alckmin,ciro,haddad
bolsonaro,alckmin,ciro,haddad
bolsonaro,alckmin,ciro,haddad
bolsonaro,alckmin,ciro,haddad
bolsonaro,alckmin,ciro,haddad
bolsonaro,alckmin,ciro,haddad
bolsonaro,alckmin,ciro,haddad
bolsonaro,alckmin,ciro,haddad
bolsonaro,alckmin,ciro,haddad
bolsonaro,alckmin,ciro,haddad
bolsonaro,alckmin,ciro,haddad
bolsonaro,alckmin,ciro,haddad
bolsonaro,alckmin,ciro,haddad
bolsonaro,alckmin,ciro,haddad
bolsonaro,alckmin,ciro,haddad
bolsonaro,alckmin,ciro,haddad
bolsonaro,alckmin,ciro,haddad
bolsonaro,alckmin,ciro,haddad
bolsonaro,alckmin,ciro,haddad
bolsonaro,alckmin,ciro,haddad
bolsonaro,alckmin,ciro,haddad
bolsonaro,alckmin,ciro,haddad
bolsonaro,alckmin,ciro,haddad
bolsonaro,alckmin,ciro,haddad
bolsonaro,alckmin,ciro,haddad
bolsonaro,alckmin,ciro,haddad
bolsonaro,alckmin,ciro,haddad
bolsonaro,alckmin,ciro,haddad
bolsonaro,alckmin,ciro,haddad
bolsonaro,alckmin,ciro,haddad
bolsonaro,alckmin,ciro,haddad
bolsonaro,alckmin,ciro,haddad
bolsonaro,alckmin,ciro,haddad
bolsonaro,alckmin,ciro,haddad
bolsonaro,alckmin,ciro,haddad
bolsonaro,alckmin,ciro,haddad
bolsonaro,alckmin,ciro,haddad
bolsonaro,alckmin,ciro,haddad
bolsonaro,alckmin,ciro,haddad
bolsonaro,alckmin,ciro,haddad
bolsonaro,alckmin,ciro,haddad
bolsonaro,alckmin,ciro,haddad
bolsonaro,alckmin,ciro,haddad
bolsonaro,alckmin,ciro,haddad
bolsonaro,alckmin,ciro,haddad
bolsonaro,alckmin,ciro,haddad
bolsonaro,alckmin,ciro,haddad
bolsonaro,alckmin,ciro,haddad
bolsonaro,alckmin,ciro,haddad
bolsonaro,alckmin,ciro,haddad
bolsonaro,alckmin,ciro,haddad
bolsonaro,alckmin,ciro,haddad
bolsonaro,alckmin,ciro,haddad
bolsonaro,alckmin,ciro,haddad
bolsonaro,alckmin,ciro,haddad
bolsonaro,alckmin,ciro,haddad
bolsonaro,alckmin,ciro,haddad
bolsonaro,alckmin,ciro,haddad
bolsonaro,alckmin,ciro,haddad
bolsonaro,alckmin,ciro,haddad
bolsonaro,alckmin,ciro,haddad
bolsonaro,alckmin,ciro,haddad
bolsonaro,alckmin,ciro,haddad
bolsonaro,alckmin,ciro,haddad
bolsonaro,alckmin,ciro,haddad
bolsonaro,alckmin,ciro,haddad
bolsonaro,alckmin,ciro,haddad
bolsonaro,alckmin,ciro,haddad
bolsonaro,alckmin,ciro,haddad
bolsonaro,alckmin,ciro,haddad
bolsonaro,alckmin,ciro,haddad
bolsonaro,alckmin,ciro,haddad
bolsonaro,alckmin,ciro,haddad
bolsonaro,alckmin,ciro,haddad
bolsonaro,alckmin,ciro,haddad
bolsonaro,alckmin,ciro,haddad
bolsonaro,alckmin,ciro,haddad
bolsonaro,alckmin,ciro,haddad
bolsonaro,alckmin,ciro,haddad
bolsonaro,alckmin,ciro,haddad
bolsonaro,alckmin,ciro,haddad
bolsonaro,alckmin,ciro,haddad
bolsonaro,alckmin,ciro,haddad
bolsonaro,alckmin,ciro,haddad
bolsonaro,alckmin,ciro,haddad
bolsonaro,alckmin,ciro,haddad
bolsonaro,alckmin,ciro,haddad
bolsonaro,alckmin,ciro,haddad
bolsonaro,alckmin,ciro,haddad
bolsonaro,alckmin,ciro,haddad
bolsonaro,alckmin,ciro,haddad
bolsonaro,alckmin,ciro,haddad
bolsonaro,alckmin,ciro,haddad
bolsonaro,alckmin,ciro,haddad
bolsonaro,alckmin,ciro,haddad
bolsonaro,alckmin,ciro,haddad
bolsonaro,alckmin,ciro,haddad
bolsonaro,alckmin,ciro,haddad
bolsonaro,alckmin,ciro,haddad
bolsonaro,alckmin,ciro,haddad
bolsonaro,alckmin,ciro,haddad
bolsonaro,alckmin,ciro,haddad
bolsonaro,alckmin,ciro,haddad
bolsonaro,alckmin,ciro,haddad
bolsonaro,alckmin,ciro,haddad
bolsonaro,alckmin,ciro,haddad
bolsonaro,alckmin,ciro,haddad
bolsonaro,alckmin,ciro,haddad
bolsonaro,alckmin,ciro,haddad
bolsonaro,alckmin,ciro,haddad
bolsonaro,alckmin,ciro,haddad
bolsonaro,alckmin,ciro,haddad
bolsonaro,alckmin,ciro,haddad
bolsonaro,alckmin,ciro,haddad
bolsonaro,alckmin,ciro,haddad
bolsonaro,alckmin,ciro,haddad
bolsonaro,alckmin,ciro,haddad
bolsonaro,alckmin,ciro,haddad
bolsonaro,alckmin,ciro,haddad
bolsonaro,alckmin,ciro,haddad
bolsonaro,alckmin,ciro,haddad
bolsonaro,alckmin,ciro,haddad
bolsonaro,alckmin,ciro,haddad
bolsonaro,alckmin,ciro,haddad
bolsonaro,alckmin,ciro,haddad
bolsonaro,alckmin,ciro,haddad
bolsonaro,alckmin,ciro,haddad
bolsonaro,alckmin,ciro,haddad
bolsonaro,alckmin,ciro,haddad
bolsonaro,alckmin,ciro,haddad
bolsonaro,alckmin,ciro,haddad
bolsonaro,alckmin,ciro,haddad
bolsonaro,alckmin,ciro,haddad
bolsonaro,alckmin,ciro,haddad
bolsonaro,alckmin,ciro,haddad
bolsonaro,alckmin,ciro,haddad
bolsonaro,alckmin,ciro,haddad
bolsonaro,alckmin,ciro,haddad
bolsonaro,alckmin,ciro,haddad
bolsonaro,alckmin,ciro,haddad
bolsonaro,alckmin,ciro,haddad
bolsonaro,alckmin,ciro,haddad
bolsonaro,alckmin,ciro,haddad
bolsonaro,alckmin,ciro,haddad
bolsonaro,alckmin,ciro,haddad
bolsonaro,alckmin,ciro,haddad
bolsonaro,ciro,alckmin,haddad
bolsonaro,ciro,alckmin,haddad
bolsonaro,ciro,alckmin,haddad
bolsonaro,ciro,alckmin,haddad
bolsonaro,ciro,alckmin,haddad
bolsonaro,ciro,alckmin,haddad
bolsonaro,ciro,alckmin,haddad
bolsonaro,ciro,alckmin,haddad
bolsonaro,ciro,alckmin,haddad
bolsonaro,ciro,alckmin,haddad
bolsonaro,ciro,alckmin,haddad
bolsonaro,ciro,alckmin,haddad
bolsonaro,ciro,alckmin,haddad
bolsonaro,ciro,alckmin,haddad
bolsonaro,ciro,alckmin,haddad
bolsonaro,ciro,alckmin,haddad
bolsonaro,ciro,alckmin,haddad
bolsonaro,ciro,alckmin,haddad
bolsonaro,ciro,alckmin,haddad
bolsonaro,ciro,alckmin,haddad
bolsonaro,ciro,alckmin,haddad
bolsonaro,ciro,alckmin,haddad
bolsonaro,ciro,alckmin,haddad
bolsonaro,ciro,alckmin,haddad
bolsonaro,ciro,alckmin,haddad
bolsonaro,ciro,alckmin,haddad
bolsonaro,ciro,alckmin,haddad
bolsonaro,ciro,alckmin,haddad
bolsonaro,ciro,alckmin,haddad
bolsonaro,ciro,alckmin,haddad
bolsonaro,ciro,alckmin,haddad
bolsonaro,ciro,alckmin,haddad
bolsonaro,ciro,alckmin,haddad
bolsonaro,ciro,alckmin,haddad
bolsonaro,ciro,alckmin,haddad
bolsonaro,ciro,alckmin,haddad
bolsonaro,ciro,alckmin,haddad
bolsonaro,ciro,alckmin,haddad
bolsonaro,ciro,alckmin,haddad
bolsonaro,ciro,alckmin,haddad
bolsonaro,ciro,alckmin,haddad
bolsonaro,ciro,alckmin,haddad
bolsonaro,ciro,alckmin,haddad
bolsonaro,ciro,alckmin,haddad
bolsonaro,ciro,alckmin,haddad
bolsonaro,ciro,alckmin,haddad
bolsonaro,ciro,alckmin,haddad
bolsonaro,ciro,alckmin,haddad
bolsonaro,ciro,alckmin,haddad
bolsonaro,ciro,alckmin,haddad
bolsonaro,ciro,alckmin,haddad
bolsonaro,ciro,alckmin,haddad
bolsonaro,ciro,alckmin,haddad
bolsonaro,ciro,alckmin,haddad
bolsonaro,ciro,alckmin,haddad
bolsonaro,ciro,alckmin,haddad
bolsonaro,ciro,alckmin,haddad
bolsonaro,ciro,alckmin,haddad
bolsonaro,ciro,alckmin,haddad
bolsonaro,ciro,alckmin,haddad
bolsonaro,ciro,alckmin,haddad
bolsonaro,ciro,alckmin,haddad
bolsonaro,ciro,alckmin,haddad
bolsonaro,ciro,alckmin,haddad
bolsonaro,ciro,alckmin,haddad
bolsonaro,ciro,alckmin,haddad
bolsonaro,ciro,alckmin,haddad
bolsonaro,ciro,alckmin,haddad
bolsonaro,ciro,alckmin,haddad
bolsonaro,ciro,alckmin,haddad
bolsonaro,ciro,alckmin,haddad
bolsonaro,ciro,alckmin,haddad
bolsonaro,ciro,alckmin,haddad
bolsonaro,ciro,alckmin,haddad
bolsonaro,ciro,alckmin,haddad
bolsonaro,ciro,alckmin,haddad
bolsonaro,ciro,alckmin,haddad
bolsonaro,ciro,alckmin,haddad
bolsonaro,ciro,alckmin,haddad
bolsonaro,ciro,alckmin,haddad
bolsonaro,ciro,alckmin,haddad
bolsonaro,ciro,alckmin,haddad
bolsonaro,ciro,alckmin,haddad
bolsonaro,ciro,alckmin,haddad
bolsonaro,ciro,alckmin,haddad
bolsonaro,ciro,alckmin,haddad
bolsonaro,ciro,alckmin,haddad
bolsonaro,ciro,alckmin,haddad
bolsonaro,ciro,alckmin,haddad
bolsonaro,ciro,alckmin,haddad
bolsonaro,ciro,alckmin,haddad
bolsonaro,ciro,alckmin,haddad
bolsonaro,ciro,alckmin,haddad
bolsonaro,ciro,alckmin,haddad
bolsonaro,ciro,alckmin,haddad
bolsonaro,ciro,alckmin,haddad
bolsonaro,ciro,alckmin,haddad
bolsonaro,ciro,alckmin,haddad
bolsonaro,ciro,alckmin,haddad
bolsonaro,ciro,alckmin,haddad
bolsonaro,ciro,alckmin,haddad
bolsonaro,ciro,alckmin,haddad
bolsonaro,ciro,alckmin,haddad
bolsonaro,ciro,alckmin,haddad
bolsonaro,ciro,alckmin,haddad
bolsonaro,ciro,alckmin,haddad
bolsonaro,ciro,alckmin,haddad
bolsonaro,ciro,alckmin,haddad
bolsonaro,ciro,alckmin,haddad
bolsonaro,ciro,alckmin,haddad
bolsonaro,ciro,alckmin,haddad
bolsonaro,ciro,alckmin,haddad
bolsonaro,ciro,alckmin,haddad
bolsonaro,ciro,alckmin,haddad
bolsonaro,ciro,alckmin,haddad
bolsonaro,ciro,alckmin,haddad
bolsonaro,ciro,alckmin,haddad
bolsonaro,ciro,alckmin,haddad
bolsonaro,ciro,alckmin,haddad
bolsonaro,ciro,alckmin,haddad
bolsonaro,ciro,alckmin,haddad
bolsonaro,ciro,alckmin,haddad
bolsonaro,ciro,alckmin,haddad
bolsonaro,ciro,alckmin,haddad
bolsonaro,ciro,alckmin,haddad
bolsonaro,ciro,alckmin,haddad
bolsonaro,ciro,alckmin,haddad
bolsonaro,ciro,alckmin,haddad
bolsonaro,ciro,alckmin,haddad
bolsonaro,ciro,alckmin,haddad
bolsonaro,ciro,alckmin,haddad
bolsonaro,ciro,alckmin,haddad
bolsonaro,ciro,alckmin,haddad
bolsonaro,ciro,alckmin,haddad
bolsonaro,ciro,alckmin,haddad
bolsonaro,ciro,alckmin,haddad
bolsonaro,ciro,alckmin,haddad
bolsonaro,ciro,alckmin,haddad
bolsonaro,ciro,alckmin,haddad
bolsonaro,ciro,alckmin,haddad
bolsonaro,ciro,alckmin,haddad
bolsonaro,ciro,alckmin,haddad
bolsonaro,ciro,alckmin,haddad
bolsonaro,ciro,alckmin,haddad
bolsonaro,ciro,alckmin,haddad
bolsonaro,ciro,alckmin,haddad
bolsonaro,ciro,alckmin,haddad
bolsonaro,ciro,alckmin,haddad
bolsonaro,ciro,alckmin,haddad
bolsonaro,ciro,alckmin,haddad
bolsonaro,ciro,alckmin,haddad
bolsonaro,ciro,alckmin,haddad
bolsonaro,ciro,alckmin,haddad
bolsonaro,ciro,alckmin,haddad
bolsonaro,ciro,alckmin,haddad
bolsonaro,ciro,alckmin,haddad
bolsonaro,ciro,alckmin,haddad
bolsonaro,ciro,alckmin,haddad
bolsonaro,ciro,alckmin,haddad
bolsonaro,ciro,alckmin,haddad
bolsonaro,ciro,alckmin,haddad
bolsonaro,ciro,alckmin,haddad
bolsonaro,ciro,alckmin,haddad
bolsonaro,ciro,alckmin,haddad
bolsonaro,ciro,alckmin,haddad
bolsonaro,ciro,alckmin,haddad
bolsonaro,ciro,alckmin,haddad
bolsonaro,ciro,alckmin,haddad
bolsonaro,ciro,alckmin,haddad
bolsonaro,ciro,alckmin,haddad
bolsonaro,ciro,alckmin,haddad
bolsonaro,ciro,alckmin,haddad
bolsonaro,ciro,alckmin,haddad
bolsonaro,ciro,alckmin,haddad
bolsonaro,ciro,alckmin,haddad
bolsonaro,ciro,alckmin,haddad
bolsonaro,ciro,alckmin,haddad
bolsonaro,ciro,alckmin,haddad
bolsonaro,ciro,alckmin,haddad
bolsonaro,ciro,alckmin,haddad
bolsonaro,ciro,alckmin,haddad
bolsonaro,ciro,alckmin,haddad
bolsonaro,ciro,alckmin,haddad
bolsonaro,ciro,alckmin,haddad
bolsonaro,ciro,alckmin,haddad
bolsonaro,ciro,alckmin,haddad
bolsonaro,ciro,alckmin,haddad
bolsonaro,ciro,alckmin,haddad
bolsonaro,ciro,alckmin,haddad
bolsonaro,ciro,alckmin,haddad
bolsonaro,ciro,alckmin,haddad
bolsonaro,ciro,alckmin,haddad
bolsonaro,ciro,alckmin,haddad
bolsonaro,ciro,alckmin,haddad
bolsonaro,ciro,alckmin,haddad
bolsonaro,ciro,alckmin,haddad
bolsonaro,ciro,alckmin,haddad
bolsonaro,ciro,alckmin,haddad
bolsonaro,ciro,alckmin,haddad
bolsonaro,ciro,alckmin,haddad
bolsonaro,ciro,alckmin,haddad
bolsonaro,ciro,alckmin,haddad
bolsonaro,ciro,alckmin,haddad
bolsonaro,ciro,alckmin,haddad
bolsonaro,ciro,alckmin,haddad
bolsonaro,ciro,alckmin,haddad
bolsonaro,ciro,alckmin,haddad
bolsonaro,ciro,alckmin,haddad
bolsonaro,ciro,alckmin,haddad
bolsonaro,ciro,alckmin,haddad
bolsonaro,ciro,alckmin,haddad
bolsonaro,ciro,alckmin,haddad
bolsonaro,ciro,alckmin,haddad
bolsonaro,ciro,alckmin,haddad
bolsonaro,ciro,alckmin,haddad
bolsonaro,ciro,alckmin,haddad
bolsonaro,ciro,alckmin,haddad
bolsonaro,ciro,alckmin,haddad
bolsonaro,ciro,alckmin,haddad
bolsonaro,ciro,alckmin,haddad
bolsonaro,ciro,alckmin,haddad
bolsonaro,ciro,alckmin,haddad
bolsonaro,ciro,alckmin,haddad
bolsonaro,ciro,alckmin,haddad
bolsonaro,ciro,alckmin,haddad
bolsonaro,ciro,alckmin,haddad
bolsonaro,ciro,alckmin,haddad
bolsonaro,ciro,alckmin,haddad
bolsonaro,ciro,alckmin,haddad
bolsonaro,ciro,alckmin,haddad
bolsonaro,ciro,alckmin,haddad
bolsonaro,ciro,alckmin,haddad
bolsonaro,ciro,alckmin,haddad
bolsonaro,ciro,alckmin,haddad
bolsonaro,ciro,alckmin,haddad
bolsonaro,ciro,alckmin,haddad
bolsonaro,ciro,alckmin,haddad
bolsonaro,ciro,alckmin,haddad
bolsonaro,ciro,alckmin,haddad
bolsonaro,ciro,alckmin,haddad
bolsonaro,ciro,alckmin,haddad
bolsonaro,ciro,alckmin,haddad
bolsonaro,ciro,alckmin,haddad
bolsonaro,ciro,alckmin,haddad
bolsonaro,ciro,alckmin,haddad
bolsonaro,ciro,alckmin,haddad
bolsonaro,ciro,alckmin,haddad
bolsonaro,ciro,alckmin,haddad
bolsonaro,ciro,alckmin,haddad
bolsonaro,ciro,alckmin,haddad
bolsonaro,ciro,alckmin,haddad
bolsonaro,ciro,alckmin,haddad
bolsonaro,ciro,alckmin,haddad
bolsonaro,ciro,alckmin,haddad
bolsonaro,ciro,alckmin,haddad
bolsonaro,ciro,alckmin,haddad
bolsonaro,ciro,alckmin,haddad
bolsonaro,ciro,alckmin,haddad
bolsonaro,ciro,alckmin,haddad
bolsonaro,ciro,alckmin,haddad
bolsonaro,ciro,alckmin,haddad
bolsonaro,ciro,alckmin,haddad
bolsonaro,ciro,alckmin,haddad
bolsonaro,ciro,alckmin,haddad
bolsonaro,ciro,alckmin,haddad
bolsonaro,ciro,alckmin,haddad
bolsonaro,ciro,alckmin,haddad
bolsonaro,ciro,alckmin,haddad
bolsonaro,ciro,alckmin,haddad
bolsonaro,ciro,alckmin,haddad
bolsonaro,ciro,alckmin,haddad
bolsonaro,ciro,alckmin,haddad
bolsonaro,ciro,alckmin,haddad
bolsonaro,ciro,alckmin,haddad
bolsonaro,ciro,alckmin,haddad
bolsonaro,ciro,alckmin,haddad
bolsonaro,ciro,alckmin,haddad
bolsonaro,ciro,alckmin,haddad
bolsonaro,ciro,alckmin,haddad
bolsonaro,ciro,alckmin,haddad
bolsonaro,ciro,alckmin,haddad
bolsonaro,ciro,alckmin,haddad
bolsonaro,ciro,alckmin,haddad
bolsonaro,ciro,alckmin,haddad
bolsonaro,ciro,alckmin,haddad
bolsonaro,ciro,alckmin,haddad
bolsonaro,ciro,alckmin,haddad
bolsonaro,ciro,alckmin,haddad
bolsonaro,ciro,alckmin,haddad
bolsonaro,ciro,alckmin,haddad
bolsonaro,ciro,alckmin,haddad
bolsonaro,ciro,alckmin,haddad
bolsonaro,ciro,alckmin,haddad
bolsonaro,ciro,alckmin,haddad
bolsonaro,ciro,alckmin,haddad
bolsonaro,ciro,alckmin,haddad
bolsonaro,ciro,alckmin,haddad
bolsonaro,ciro,alckmin,haddad
bolsonaro,ciro,alckmin,haddad
bolsonaro,ciro,alckmin,haddad
bolsonaro,ciro,alckmin,haddad
bolsonaro,ciro,alckmin,haddad
bolsonaro,ciro,alckmin,haddad
bolsonaro,ciro,alckmin,haddad
bolsonaro,ciro,alckmin,haddad
bolsonaro,ciro,alckmin,haddad
bolsonaro,ciro,alckmin,haddad
bolsonaro,ciro,alckmin,haddad
bolsonaro,ciro,alckmin,haddad
bolsonaro,ciro,alckmin,haddad
bolsonaro,ciro,alckmin,haddad
bolsonaro,ciro,alckmin,haddad
bolsonaro,ciro,alckmin,haddad
bolsonaro,ciro,alckmin,haddad
bolsonaro,ciro,alckmin,haddad
bolsonaro,ciro,alckmin,haddad
bolsonaro,ciro,alckmin,haddad
bolsonaro,ciro,alckmin,haddad
bolsonaro,ciro,alckmin,haddad
bolsonaro,ciro,alckmin,haddad
bolsonaro,ciro,alckmin,haddad
bolsonaro,ciro,alckmin,haddad
bolsonaro,ciro,alckmin,haddad
bolsonaro,ciro,alckmin,haddad
bolsonaro,ciro,alckmin,haddad
bolsonaro,ciro,alckmin,haddad
bolsonaro,ciro,alckmin,haddad
bolsonaro,ciro,alckmin,haddad
bolsonaro,ciro,alckmin,haddad
bolsonaro,ciro,alckmin,haddad
bolsonaro,ciro,alckmin,haddad
bolsonaro,ciro,alckmin,haddad
bolsonaro,ciro,alckmin,haddad
bolsonaro,ciro,alckmin,haddad
bolsonaro,ciro,alckmin,haddad
bolsonaro,ciro,alckmin,haddad
bolsonaro,ciro,alckmin,haddad
bolsonaro,ciro,alckmin,haddad
bolsonaro,ciro,alckmin,haddad
bolsonaro,ciro,alckmin,haddad
bolsonaro,ciro,alckmin,haddad
bolsonaro,ciro,alckmin,haddad
bolsonaro,ciro,alckmin,haddad
bolsonaro,ciro,alckmin,haddad
bolsonaro,ciro,alckmin,haddad
bolsonaro,ciro,alckmin,haddad
bolsonaro,ciro,alckmin,haddad
bolsonaro,ciro,alckmin,haddad
bolsonaro,ciro,alckmin,haddad
bolsonaro,ciro,alckmin,haddad
bolsonaro,ciro,alckmin,haddad
bolsonaro,ciro,alckmin,haddad
bolsonaro,ciro,alckmin,haddad
bolsonaro,ciro,alckmin,haddad
bolsonaro,ciro,alckmin,haddad
bolsonaro,ciro,alckmin,haddad
bolsonaro,ciro,alckmin,haddad
bolsonaro,ciro,alckmin,haddad
bolsonaro,ciro,alckmin,haddad
bolsonaro,ciro,alckmin,haddad
bolsonaro,ciro,alckmin,haddad
bolsonaro,ciro,alckmin,haddad
bolsonaro,ciro,alckmin,haddad
bolsonaro,ciro,alckmin,haddad
bolsonaro,ciro,alckmin,haddad
bolsonaro,ciro,alckmin,haddad
bolsonaro,ciro,alckmin,haddad
bolsonaro,ciro,alckmin,haddad
bolsonaro,ciro,alckmin,haddad
bolsonaro,ciro,alckmin,haddad
bolsonaro,ciro,alckmin,haddad
bolsonaro,ciro,alckmin,haddad
bolsonaro,ciro,alckmin,haddad
bolsonaro,ciro,alckmin,haddad
bolsonaro,ciro,alckmin,haddad
bolsonaro,ciro,alckmin,haddad
bolsonaro,ciro,alckmin,haddad
bolsonaro,ciro,alckmin,haddad
bolsonaro,ciro,alckmin,haddad
bolsonaro,ciro,alckmin,haddad
bolsonaro,ciro,alckmin,haddad
bolsonaro,ciro,alckmin,haddad
bolsonaro,ciro,alckmin,haddad
bolsonaro,ciro,alckmin,haddad
bolsonaro,ciro,alckmin,haddad
bolsonaro,ciro,alckmin,haddad
bolsonaro,ciro,alckmin,haddad
bolsonaro,ciro,alckmin,haddad
bolsonaro,ciro,alckmin,haddad
bolsonaro,ciro,alckmin,haddad
bolsonaro,ciro,alckmin,haddad
bolsonaro,ciro,alckmin,haddad
bolsonaro,ciro,alckmin,haddad
bolsonaro,ciro,alckmin,haddad
bolsonaro,ciro,alckmin,haddad
bolsonaro,ciro,alckmin,haddad
bolsonaro,ciro,alckmin,haddad
bolsonaro,ciro,alckmin,haddad
bolsonaro,ciro,alckmin,haddad
bolsonaro,ciro,alckmin,haddad
bolsonaro,ciro,alckmin,haddad
bolsonaro,ciro,alckmin,haddad
bolsonaro,ciro,alckmin,haddad
bolsonaro,alckmin,haddad,ciro
bolsonaro,alckmin,haddad,ciro
bolsonaro,alckmin,haddad,ciro
bolsonaro,alckmin,haddad,ciro
bolsonaro,alckmin,haddad,ciro
bolsonaro,alckmin,haddad,ciro
bolsonaro,alckmin,haddad,ciro
bolsonaro,alckmin,haddad,ciro
bolsonaro,alckmin,haddad,ciro
bolsonaro,alckmin,haddad,ciro
bolsonaro,alckmin,haddad,ciro
bolsonaro,alckmin,haddad,ciro
bolsonaro,alckmin,haddad,ciro
bolsonaro,alckmin,haddad,ciro
bolsonaro,alckmin,haddad,ciro
bolsonaro,alckmin,haddad,ciro
bolsonaro,alckmin,haddad,ciro
bolsonaro,alckmin,haddad,ciro
bolsonaro,alckmin,haddad,ciro
bolsonaro,alckmin,haddad,ciro
bolsonaro,alckmin,haddad,ciro
bolsonaro,alckmin,haddad,ciro
bolsonaro,alckmin,haddad,ciro
bolsonaro,alckmin,haddad,ciro
bolsonaro,alckmin,haddad,ciro
bolsonaro,alckmin,haddad,ciro
bolsonaro,alckmin,haddad,ciro
bolsonaro,alckmin,haddad,ciro
bolsonaro,alckmin,haddad,ciro
bolsonaro,alckmin,haddad,ciro
bolsonaro,alckmin,haddad,ciro
bolsonaro,alckmin,haddad,ciro
bolsonaro,alckmin,haddad,ciro
bolsonaro,alckmin,haddad,ciro
bolsonaro,alckmin,haddad,ciro
bolsonaro,alckmin,haddad,ciro
bolsonaro,alckmin,haddad,ciro
bolsonaro,alckmin,haddad,ciro
bolsonaro,alckmin,haddad,ciro
bolsonaro,alckmin,haddad,ciro
bolsonaro,alckmin,haddad,ciro
bolsonaro,alckmin,haddad,ciro
bolsonaro,alckmin,haddad,ciro
bolsonaro,alckmin,haddad,ciro
bolsonaro,alckmin,haddad,ciro
bolsonaro,alckmin,haddad,ciro
bolsonaro,alckmin,haddad,ciro
bolsonaro,alckmin,haddad,ciro
bolsonaro,alckmin,haddad,ciro
bolsonaro,alckmin,haddad,ciro
bolsonaro,alckmin,haddad,ciro
bolsonaro,alckmin,haddad,ciro
bolsonaro,alckmin,haddad,ciro
bolsonaro,alckmin,haddad,ciro
bolsonaro,alckmin,haddad,ciro
bolsonaro,alckmin,haddad,ciro
bolsonaro,alckmin,haddad,ciro
bolsonaro,alckmin,haddad,ciro
bolsonaro,alckmin,haddad,ciro
bolsonaro,alckmin,haddad,ciro
bolsonaro,alckmin,haddad,ciro
bolsonaro,alckmin,haddad,ciro
bolsonaro,alckmin,haddad,ciro
bolsonaro,alckmin,haddad,ciro
bolsonaro,alckmin,haddad,ciro
bolsonaro,alckmin,haddad,ciro
bolsonaro,alckmin,haddad,ciro
bolsonaro,alckmin,haddad,ciro
bolsonaro,alckmin,haddad,ciro
bolsonaro,alckmin,haddad,ciro
bolsonaro,alckmin,haddad,ciro
bolsonaro,alckmin,haddad,ciro
bolsonaro,alckmin,haddad,ciro
bolsonaro,alckmin,haddad,ciro
bolsonaro,alckmin,haddad,ciro
bolsonaro,alckmin,haddad,ciro
bolsonaro,alckmin,haddad,ciro
bolsonaro,alckmin,haddad,ciro
bolsonaro,alckmin,haddad,ciro
bolsonaro,alckmin,haddad,ciro
bolsonaro,alckmin,haddad,ciro
bolsonaro,alckmin,haddad,ciro
bolsonaro,alckmin,haddad,ciro
bolsonaro,alckmin,haddad,ciro
bolsonaro,alckmin,haddad,ciro
bolsonaro,alckmin,haddad,ciro
bolsonaro,alckmin,haddad,ciro
bolsonaro,alckmin,haddad,ciro
bolsonaro,alckmin,haddad,ciro
bolsonaro,alckmin,haddad,ciro
bolsonaro,alckmin,haddad,ciro
bolsonaro,alckmin,haddad,ciro
bolsonaro,alckmin,haddad,ciro
bolsonaro,alckmin,haddad,ciro
bolsonaro,alckmin,haddad,ciro
bolsonaro,alckmin,haddad,ciro
bolsonaro,alckmin,haddad,ciro
bolsonaro,alckmin,haddad,ciro
bolsonaro,alckmin,haddad,ciro
bolsonaro,alckmin,haddad,ciro
bolsonaro,alckmin,haddad,ciro
bolsonaro,alckmin,haddad,ciro
bolsonaro,alckmin,haddad,ciro
bolsonaro,alckmin,haddad,ciro
bolsonaro,alckmin,haddad,ciro
bolsonaro,alckmin,haddad,ciro
bolsonaro,alckmin,haddad,ciro
bolsonaro,alckmin,haddad,ciro
bolsonaro,alckmin,haddad,ciro
bolsonaro,alckmin,haddad,ciro
bolsonaro,alckmin,haddad,ciro
bolsonaro,alckmin,haddad,ciro
bolsonaro,alckmin,haddad,ciro
bolsonaro,alckmin,haddad,ciro
bolsonaro,alckmin,haddad,ciro
bolsonaro,alckmin,haddad,ciro
bolsonaro,alckmin,haddad,ciro
bolsonaro,alckmin,haddad,ciro
bolsonaro,alckmin,haddad,ciro
bolsonaro,alckmin,haddad,ciro
bolsonaro,alckmin,haddad,ciro
bolsonaro,alckmin,haddad,ciro
bolsonaro,alckmin,haddad,ciro
bolsonaro,alckmin,haddad,ciro
bolsonaro,alckmin,haddad,ciro
bolsonaro,alckmin,haddad,ciro
bolsonaro,alckmin,haddad,ciro
bolsonaro,alckmin,haddad,ciro
bolsonaro,ciro,haddad,alckmin
bolsonaro,ciro,haddad,alckmin
bolsonaro,ciro,haddad,alckmin
bolsonaro,ciro,haddad,alckmin
bolsonaro,ciro,haddad,alckmin
bolsonaro,ciro,haddad,alckmin
bolsonaro,ciro,haddad,alckmin
bolsonaro,ciro,haddad,alckmin
bolsonaro,ciro,haddad,alckmin
bolsonaro,ciro,haddad,alckmin
bolsonaro,ciro,haddad,alckmin
bolsonaro,ciro,haddad,alckmin
bolsonaro,ciro,haddad,alckmin
bolsonaro,ciro,haddad,alckmin
bolsonaro,ciro,haddad,alckmin
bolsonaro,ciro,haddad,alckmin
bolsonaro,ciro,haddad,alckmin
bolsonaro,ciro,haddad,alckmin
bolsonaro,ciro,haddad,alckmin
bolsonaro,ciro,haddad,alckmin
bolsonaro,ciro,haddad,alckmin
bolsonaro,ciro,haddad,alckmin
bolsonaro,ciro,haddad,alckmin
bolsonaro,ciro,haddad,alckmin
bolsonaro,ciro,haddad,alckmin
bolsonaro,ciro,haddad,alckmin
bolsonaro,ciro,haddad,alckmin
bolsonaro,ciro,haddad,alckmin
bolsonaro,ciro,haddad,alckmin
bolsonaro,ciro,haddad,alckmin
bolsonaro,ciro,haddad,alckmin
bolsonaro,ciro,haddad,alckmin
bolsonaro,ciro,haddad,alckmin
bolsonaro,ciro,haddad,alckmin
bolsonaro,ciro,haddad,alckmin
bolsonaro,ciro,haddad,alckmin
bolsonaro,ciro,haddad,alckmin
bolsonaro,ciro,haddad,alckmin
bolsonaro,ciro,haddad,alckmin
bolsonaro,ciro,haddad,alckmin
bolsonaro,ciro,haddad,alckmin
bolsonaro,ciro,haddad,alckmin
bolsonaro,ciro,haddad,alckmin
bolsonaro,ciro,haddad,alckmin
bolsonaro,ciro,haddad,alckmin
bolsonaro,ciro,haddad,alckmin
bolsonaro,ciro,haddad,alckmin
bolsonaro,ciro,haddad,alckmin
bolsonaro,ciro,haddad,alckmin
bolsonaro,ciro,haddad,alckmin
bolsonaro,ciro,haddad,alckmin
bolsonaro,ciro,haddad,alckmin
bolsonaro,ciro,haddad,alckmin
bolsonaro,ciro,haddad,alckmin
bolsonaro,ciro,haddad,alckmin
bolsonaro,ciro,haddad,alckmin
bolsonaro,ciro,haddad,alckmin
bolsonaro,ciro,haddad,alckmin
bolsonaro,ciro,haddad,alckmin
bolsonaro,ciro,haddad,alckmin
bolsonaro,ciro,haddad,alckmin
bolsonaro,ciro,haddad,alckmin
bolsonaro,ciro,haddad,alckmin
bolsonaro,ciro,haddad,alckmin
bolsonaro,ciro,haddad,alckmin
bolsonaro,ciro,haddad,alckmin
bolsonaro,ciro,haddad,alckmin
bolsonaro,ciro,haddad,alckmin
bolsonaro,ciro,haddad,alckmin
bolsonaro,ciro,haddad,alckmin
bolsonaro,ciro,haddad,alckmin
bolsonaro,ciro,haddad,alckmin
bolsonaro,ciro,haddad,alckmin
bolsonaro,ciro,haddad,alckmin
bolsonaro,ciro,haddad,alckmin
bolsonaro,ciro,haddad,alckmin
bolsonaro,ciro,haddad,alckmin
bolsonaro,ciro,haddad,alckmin
bolsonaro,ciro,haddad,alckmin
bolsonaro,ciro,haddad,alckmin
bolsonaro,ciro,haddad,alckmin
bolsonaro,ciro,haddad,alckmin
bolsonaro,ciro,haddad,alckmin
bolsonaro,ciro,haddad,alckmin
bolsonaro,ciro,haddad,alckmin
bolsonaro,ciro,haddad,alckmin
bolsonaro,ciro,haddad,alckmin
bolsonaro,ciro,haddad,alckmin
bolsonaro,ciro,haddad,alckmin
bolsonaro,ciro,haddad,alckmin
bolsonaro,ciro,haddad,alckmin
bolsonaro,ciro,haddad,alckmin
bolsonaro,ciro,haddad,alckmin
bolsonaro,ciro,haddad,alckmin
bolsonaro,ciro,haddad,alckmin
bolsonaro,ciro,haddad,alckmin
bolsonaro,ciro,haddad,alckmin
bolsonaro,ciro,haddad,alckmin
bolsonaro,ciro,haddad,alckmin
bolsonaro,ciro,haddad,alckmin
bolsonaro,ciro,haddad,alckmin
bolsonaro,ciro,haddad,alckmin
bolsonaro,ciro,haddad,alckmin
bolsonaro,ciro,haddad,alckmin
bolsonaro,ciro,haddad,alckmin
bolsonaro,ciro,haddad,alckmin
bolsonaro,ciro,haddad,alckmin
bolsonaro,ciro,haddad,alckmin
bolsonaro,ciro,haddad,alckmin
bolsonaro,ciro,haddad,alckmin
bolsonaro,ciro,haddad,alckmin
bolsonaro,ciro,haddad,alckmin
bolsonaro,ciro,haddad,alckmin
bolsonaro,ciro,haddad,alckmin
bolsonaro,ciro,haddad,alckmin
bolsonaro,ciro,haddad,alckmin
bolsonaro,ciro,haddad,alckmin
bolsonaro,ciro,haddad,alckmin
bolsonaro,ciro,haddad,alckmin
bolsonaro,ciro,haddad,alckmin
bolsonaro,ciro,haddad,alckmin
bolsonaro,ciro,haddad,alckmin
bolsonaro,ciro,haddad,alckmin
bolsonaro,ciro,haddad,alckmin
bolsonaro,ciro,haddad,alckmin
bolsonaro,ciro,haddad,alckmin
bolsonaro,ciro,haddad,alckmin
bolsonaro,ciro,haddad,alckmin
bolsonaro,ciro,haddad,alckmin
bolsonaro,ciro,haddad,alckmin
bolsonaro,ciro,haddad,alckmin
bolsonaro,ciro,haddad,alckmin
bolsonaro,ciro,haddad,alckmin
bolsonaro,ciro,haddad,alckmin
bolsonaro,ciro,haddad,alckmin
bolsonaro,ciro,haddad,alckmin
bolsonaro,ciro,haddad,alckmin
bolsonaro,ciro,haddad,alckmin
bolsonaro,ciro,haddad,alckmin
bolsonaro,ciro,haddad,alckmin
bolsonaro,ciro,haddad,alckmin
bolsonaro,ciro,haddad,alckmin
bolsonaro,ciro,haddad,alckmin
bolsonaro,ciro,haddad,alckmin
bolsonaro,ciro,haddad,alckmin
bolsonaro,ciro,haddad,alckmin
bolsonaro,ciro,haddad,alckmin
bolsonaro,ciro,haddad,alckmin
bolsonaro,ciro,haddad,alckmin
bolsonaro,ciro,haddad,alckmin
bolsonaro,ciro,haddad,alckmin
bolsonaro,ciro,haddad,alckmin
bolsonaro,ciro,haddad,alckmin
bolsonaro,ciro,haddad,alckmin
bolsonaro,ciro,haddad,alckmin
bolsonaro,ciro,haddad,alckmin
bolsonaro,ciro,haddad,alckmin
bolsonaro,ciro,haddad,alckmin
bolsonaro,ciro,haddad,alckmin
bolsonaro,ciro,haddad,alckmin
bolsonaro,ciro,haddad,alckmin
bolsonaro,ciro,haddad,alckmin
bolsonaro,ciro,haddad,alckmin
bolsonaro,ciro,haddad,alckmin
bolsonaro,ciro,haddad,alckmin
bolsonaro,ciro,haddad,alckmin
bolsonaro,ciro,haddad,alckmin
bolsonaro,ciro,haddad,alckmin
bolsonaro,ciro,haddad,alckmin
bolsonaro,ciro,haddad,alckmin
bolsonaro,ciro,haddad,alckmin
bolsonaro,ciro,haddad,alckmin
bolsonaro,ciro,haddad,alckmin
bolsonaro,ciro,haddad,alckmin
bolsonaro,ciro,haddad,alckmin
bolsonaro,ciro,haddad,alckmin
bolsonaro,ciro,haddad,alckmin
bolsonaro,ciro,haddad,alckmin
bolsonaro,ciro,haddad,alckmin
bolsonaro,ciro,haddad,alckmin
bolsonaro,ciro,haddad,alckmin
bolsonaro,ciro,haddad,alckmin
bolsonaro,ciro,haddad,alckmin
bolsonaro,ciro,haddad,alckmin
bolsonaro,ciro,haddad,alckmin
bolsonaro,ciro,haddad,alckmin
bolsonaro,ciro,haddad,alckmin
bolsonaro,ciro,haddad,alckmin
bolsonaro,ciro,haddad,alckmin
bolsonaro,ciro,haddad,alckmin
bolsonaro,ciro,haddad,alckmin
bolsonaro,ciro,haddad,alckmin
bolsonaro,ciro,haddad,alckmin
bolsonaro,ciro,haddad,alckmin
bolsonaro,ciro,haddad,alckmin
bolsonaro,ciro,haddad,alckmin
bolsonaro,ciro,haddad,alckmin
bolsonaro,ciro,haddad,alckmin
bolsonaro,ciro,haddad,alckmin
bolsonaro,ciro,haddad,alckmin
bolsonaro,ciro,haddad,alckmin
bolsonaro,ciro,haddad,alckmin
bolsonaro,ciro,haddad,alckmin
bolsonaro,ciro,haddad,alckmin
bolsonaro,ciro,haddad,alckmin
bolsonaro,ciro,haddad,alckmin
bolsonaro,ciro,haddad,alckmin
bolsonaro,ciro,haddad,alckmin
bolsonaro,ciro,haddad,alckmin
bolsonaro,ciro,haddad,alckmin
bolsonaro,ciro,haddad,alckmin
bolsonaro,ciro,haddad,alckmin
bolsonaro,ciro,haddad,alckmin
bolsonaro,ciro,haddad,alckmin
bolsonaro,ciro,haddad,alckmin
bolsonaro,ciro,haddad,alckmin
bolsonaro,ciro,haddad,alckmin
bolsonaro,ciro,haddad,alckmin
bolsonaro,ciro,haddad,alckmin
bolsonaro,ciro,haddad,alckmin
bolsonaro,ciro,haddad,alckmin
bolsonaro,ciro,haddad,alckmin
bolsonaro,ciro,haddad,alckmin
bolsonaro,ciro,haddad,alckmin
bolsonaro,ciro,haddad,alckmin
bolsonaro,ciro,haddad,alckmin
bolsonaro,ciro,haddad,alckmin
bolsonaro,ciro,haddad,alckmin
bolsonaro,ciro,haddad,alckmin
bolsonaro,ciro,haddad,alckmin
bolsonaro,ciro,haddad,alckmin
bolsonaro,ciro,haddad,alckmin
bolsonaro,ciro,haddad,alckmin
bolsonaro,ciro,haddad,alckmin
bolsonaro,ciro,haddad,alckmin
bolsonaro,ciro,haddad,alckmin
bolsonaro,ciro,haddad,alckmin
bolsonaro,ciro,haddad,alckmin
bolsonaro,ciro,haddad,alckmin
bolsonaro,ciro,haddad,alckmin
bolsonaro,ciro,haddad,alckmin
bolsonaro,ciro,haddad,alckmin
bolsonaro,ciro,haddad,alckmin
bolsonaro,ciro,haddad,alckmin
bolsonaro,ciro,haddad,alckmin
bolsonaro,ciro,haddad,alckmin
bolsonaro,ciro,haddad,alckmin
bolsonaro,ciro,haddad,alckmin
bolsonaro,ciro,haddad,alckmin
bolsonaro,ciro,haddad,alckmin
bolsonaro,ciro,haddad,alckmin
bolsonaro,ciro,haddad,alckmin
bolsonaro,ciro,haddad,alckmin
bolsonaro,ciro,haddad,alckmin
bolsonaro,ciro,haddad,alckmin
bolsonaro,ciro,haddad,alckmin
bolsonaro,ciro,haddad,alckmin
bolsonaro,ciro,haddad,alckmin
bolsonaro,ciro,haddad,alckmin
bolsonaro,ciro,haddad,alckmin
bolsonaro,haddad,ciro,alckmin
bolsonaro,haddad,ciro,alckmin
bolsonaro,haddad,ciro,alckmin
bolsonaro,haddad,ciro,alckmin
bolsonaro,haddad,ciro,alckmin
bolsonaro,haddad,ciro,alckmin
bolsonaro,haddad,ciro,alckmin
bolsonaro,haddad,ciro,alckmin
bolsonaro,haddad,ciro,alckmin
bolsonaro,haddad,ciro,alckmin
bolsonaro,haddad,ciro,alckmin
bolsonaro,haddad,ciro,alckmin
bolsonaro,haddad,ciro,alckmin
bolsonaro,haddad,ciro,alckmin
bolsonaro,haddad,ciro,alckmin
bolsonaro,haddad,ciro,alckmin
bolsonaro,haddad,ciro,alckmin
bolsonaro,haddad,ciro,alckmin
bolsonaro,haddad,ciro,alckmin
bolsonaro,haddad,ciro,alckmin
bolsonaro,haddad,ciro,alckmin
bolsonaro,haddad,ciro,alckmin
bolsonaro,haddad,ciro,alckmin
bolsonaro,haddad,ciro,alckmin
bolsonaro,haddad,ciro,alckmin
bolsonaro,haddad,ciro,alckmin
bolsonaro,haddad,ciro,alckmin
bolsonaro,haddad,ciro,alckmin
bolsonaro,haddad,ciro,alckmin
bolsonaro,haddad,ciro,alckmin
bolsonaro,haddad,ciro,alckmin
bolsonaro,haddad,ciro,alckmin
bolsonaro,haddad,ciro,alckmin
bolsonaro,haddad,ciro,alckmin
bolsonaro,haddad,ciro,alckmin
bolsonaro,haddad,ciro,alckmin
bolsonaro,haddad,ciro,alckmin
bolsonaro,haddad,ciro,alckmin
bolsonaro,haddad,ciro,alckmin
bolsonaro,haddad,ciro,alckmin
bolsonaro,haddad,ciro,alckmin
bolsonaro,haddad,ciro,alckmin
bolsonaro,haddad,ciro,alckmin
bolsonaro,haddad,ciro,alckmin
bolsonaro,haddad,ciro,alckmin
bolsonaro,haddad,ciro,alckmin
bolsonaro,haddad,ciro,alckmin
bolsonaro,haddad,ciro,alckmin
bolsonaro,haddad,ciro,alckmin
bolsonaro,haddad,ciro,alckmin
bolsonaro,haddad,ciro,alckmin
bolsonaro,haddad,ciro,alckmin
bolsonaro,haddad,ciro,alckmin
bolsonaro,haddad,ciro,alckmin
bolsonaro,haddad,ciro,alckmin
bolsonaro,haddad,ciro,alckmin
bolsonaro,haddad,ciro,alckmin
bolsonaro,haddad,ciro,alckmin
bolsonaro,haddad,ciro,alckmin
bolsonaro,haddad,ciro,alckmin
bolsonaro,haddad,ciro,alckmin
bolsonaro,haddad,ciro,alckmin
bolsonaro,haddad,ciro,alckmin
bolsonaro,haddad,ciro,alckmin
bolsonaro,haddad,ciro,alckmin
bolsonaro,haddad,ciro,alckmin
bolsonaro,haddad,ciro,alckmin
bolsonaro,haddad,ciro,alckmin
bolsonaro,haddad,ciro,alckmin
bolsonaro,haddad,ciro,alckmin
bolsonaro,haddad,ciro,alckmin
bolsonaro,haddad,ciro,alckmin
bolsonaro,haddad,ciro,alckmin
bolsonaro,haddad,ciro,alckmin
bolsonaro,haddad,ciro,alckmin
bolsonaro,haddad,ciro,alckmin
bolsonaro,haddad,ciro,alckmin
bolsonaro,haddad,ciro,alckmin
bolsonaro,haddad,ciro,alckmin
bolsonaro,haddad,ciro,alckmin
bolsonaro,haddad,ciro,alckmin
bolsonaro,haddad,ciro,alckmin
bolsonaro,haddad,ciro,alckmin
bolsonaro,haddad,ciro,alckmin
bolsonaro,haddad,ciro,alckmin
bolsonaro,haddad,ciro,alckmin
bolsonaro,haddad,ciro,alckmin
bolsonaro,haddad,ciro,alckmin
bolsonaro,haddad,ciro,alckmin
bolsonaro,haddad,ciro,alckmin
bolsonaro,haddad,ciro,alckmin
bolsonaro,haddad,ciro,alckmin
bolsonaro,haddad,ciro,alckmin
bolsonaro,haddad,ciro,alckmin
bolsonaro,haddad,ciro,alckmin
bolsonaro,haddad,ciro,alckmin
bolsonaro,haddad,ciro,alckmin
bolsonaro,haddad,ciro,alckmin
bolsonaro,haddad,ciro,alckmin
bolsonaro,haddad,ciro,alckmin
bolsonaro,haddad,ciro,alckmin
bolsonaro,haddad,ciro,alckmin
bolsonaro,haddad,ciro,alckmin
bolsonaro,haddad,ciro,alckmin
bolsonaro,haddad,ciro,alckmin
bolsonaro,haddad,ciro,alckmin
bolsonaro,haddad,ciro,alckmin
bolsonaro,haddad,ciro,alckmin
bolsonaro,haddad,ciro,alckmin
bolsonaro,haddad,ciro,alckmin
bolsonaro,haddad,ciro,alckmin
bolsonaro,haddad,ciro,alckmin
bolsonaro,haddad,ciro,alckmin
bolsonaro,haddad,ciro,alckmin
bolsonaro,haddad,ciro,alckmin
bolsonaro,haddad,ciro,alckmin
bolsonaro,haddad,ciro,alckmin
bolsonaro,haddad,ciro,alckmin
bolsonaro,haddad,ciro,alckmin
bolsonaro,haddad,ciro,alckmin
bolsonaro,haddad,ciro,alckmin
bolsonaro,haddad,ciro,alckmin
bolsonaro,haddad,ciro,alckmin
bolsonaro,haddad,ciro,alckmin
bolsonaro,haddad,ciro,alckmin
bolsonaro,haddad,ciro,alckmin
bolsonaro,haddad,ciro,alckmin
bolsonaro,haddad,ciro,alckmin
bolsonaro,haddad,ciro,alckmin
bolsonaro,haddad,ciro,alckmin
bolsonaro,haddad,ciro,alckmin
bolsonaro,haddad,ciro,alckmin
bolsonaro,haddad,ciro,alckmin
bolsonaro,haddad,ciro,alckmin
bolsonaro,haddad,ciro,alckmin
bolsonaro,haddad,ciro,alckmin
bolsonaro,haddad,ciro,alckmin
bolsonaro,haddad,ciro,alckmin
bolsonaro,haddad,ciro,alckmin
bolsonaro,haddad,ciro,alckmin
bolsonaro,haddad,ciro,alckmin
bolsonaro,haddad,ciro,alckmin
bolsonaro,haddad,ciro,alckmin
bolsonaro,haddad,ciro,alckmin
bolsonaro,haddad,ciro,alckmin
bolsonaro,haddad,ciro,alckmin
bolsonaro,haddad,ciro,alckmin
bolsonaro,haddad,ciro,alckmin
bolsonaro,haddad,ciro,alckmin
bolsonaro,haddad,ciro,alckmin
bolsonaro,haddad,ciro,alckmin
bolsonaro,haddad,ciro,alckmin
bolsonaro,haddad,ciro,alckmin
bolsonaro,haddad,ciro,alckmin
bolsonaro,haddad,ciro,alckmin
bolsonaro,haddad,ciro,alckmin
bolsonaro,haddad,ciro,alckmin
bolsonaro,haddad,ciro,alckmin
bolsonaro,haddad,ciro,alckmin
bolsonaro,haddad,ciro,alckmin
bolsonaro,haddad,ciro,alckmin
bolsonaro,haddad,ciro,alckmin
bolsonaro,haddad,ciro,alckmin
bolsonaro,haddad,ciro,alckmin
bolsonaro,haddad,ciro,alckmin
bolsonaro,haddad,ciro,alckmin
bolsonaro,haddad,ciro,alckmin
bolsonaro,haddad,ciro,alckmin
bolsonaro,haddad,ciro,alckmin
bolsonaro,haddad,ciro,alckmin
bolsonaro,haddad,ciro,alckmin
bolsonaro,haddad,ciro,alckmin
bolsonaro,haddad,ciro,alckmin
bolsonaro,haddad,ciro,alckmin
bolsonaro,haddad,ciro,alckmin
bolsonaro,haddad,ciro,alckmin
bolsonaro,haddad,ciro,alckmin
bolsonaro,haddad,ciro,alckmin
bolsonaro,haddad,ciro,alckmin
bolsonaro,haddad,ciro,alckmin
bolsonaro,haddad,ciro,alckmin
bolsonaro,haddad,ciro,alckmin
bolsonaro,haddad,ciro,alckmin
bolsonaro,haddad,ciro,alckmin
bolsonaro,haddad,alckmin,ciro
bolsonaro,haddad,alckmin,ciro
bolsonaro,haddad,alckmin,ciro
bolsonaro,haddad,alckmin,ciro
bolsonaro,haddad,alckmin,ciro
bolsonaro,haddad,alckmin,ciro
bolsonaro,haddad,alckmin,ciro
bolsonaro,haddad,alckmin,ciro
bolsonaro,haddad,alckmin,ciro
bolsonaro,haddad,alckmin,ciro
bolsonaro,haddad,alckmin,ciro
bolsonaro,haddad,alckmin,ciro
bolsonaro,haddad,alckmin,ciro
bolsonaro,haddad,alckmin,ciro
bolsonaro,haddad,alckmin,ciro
bolsonaro,haddad,alckmin,ciro
bolsonaro,haddad,alckmin,ciro
bolsonaro,haddad,alckmin,ciro
bolsonaro,haddad,alckmin,ciro
bolsonaro,haddad,alckmin,ciro
bolsonaro,haddad,alckmin,ciro
bolsonaro,haddad,alckmin,ciro
bolsonaro,haddad,alckmin,ciro
bolsonaro,haddad,alckmin,ciro
bolsonaro,haddad,alckmin,ciro
bolsonaro,haddad,alckmin,ciro
bolsonaro,haddad,alckmin,ciro
bolsonaro,haddad,alckmin,ciro
bolsonaro,haddad,alckmin,ciro
bolsonaro,haddad,alckmin,ciro
bolsonaro,haddad,alckmin,ciro
bolsonaro,haddad,alckmin,ciro
bolsonaro,haddad,alckmin,ciro
bolsonaro,haddad,alckmin,ciro
bolsonaro,haddad,alckmin,ciro
bolsonaro,haddad,alckmin,ciro
bolsonaro,haddad,alckmin,ciro
bolsonaro,haddad,alckmin,ciro
bolsonaro,haddad,alckmin,ciro
bolsonaro,haddad,alckmin,ciro
bolsonaro,haddad,alckmin,ciro
bolsonaro,haddad,alckmin,ciro
bolsonaro,haddad,alckmin,ciro
bolsonaro,haddad,alckmin,ciro
bolsonaro,haddad,alckmin,ciro
bolsonaro,haddad,alckmin,ciro
bolsonaro,haddad,alckmin,ciro
bolsonaro,haddad,alckmin,ciro
bolsonaro,haddad,alckmin,ciro
bolsonaro,haddad,alckmin,ciro
bolsonaro,haddad,alckmin,ciro
bolsonaro,haddad,alckmin,ciro
bolsonaro,haddad,alckmin,ciro
bolsonaro,haddad,alckmin,ciro
bolsonaro,haddad,alckmin,ciro
bolsonaro,haddad,alckmin,ciro
bolsonaro,haddad,alckmin,ciro
bolsonaro,haddad,alckmin,ciro
bolsonaro,haddad,alckmin,ciro
bolsonaro,haddad,alckmin,ciro
bolsonaro,haddad,alckmin,ciro
bolsonaro,haddad,alckmin,ciro
bolsonaro,haddad,alckmin,ciro
bolsonaro,haddad,alckmin,ciro
bolsonaro,haddad,alckmin,ciro
bolsonaro,haddad,alckmin,ciro
bolsonaro,haddad,alckmin,ciro
bolsonaro,haddad,alckmin,ciro
bolsonaro,haddad,alckmin,ciro
bolsonaro,haddad,alckmin,ciro
bolsonaro,haddad,alckmin,ciro
bolsonaro,haddad,alckmin,ciro
bolsonaro,haddad,alckmin,ciro
bolsonaro,haddad,alckmin,ciro
bolsonaro,haddad,alckmin,ciro
bolsonaro,haddad,alckmin,ciro
bolsonaro,haddad,alckmin,ciro
bolsonaro,haddad,alckmin,ciro
bolsonaro,haddad,alckmin,ciro
bolsonaro,haddad,alckmin,ciro
other,other,other,other
other,other,other,other
other,other,other,other
other,other,other,other
other,other,other,other
other,other,other,other
other,other,other,other
other,other,other,other
other,other,other,other
other,other,other,other
other,other,other,other
other,other,other,other
other,other,other,other
other,other,other,other
other,other,other,other
other,other,other,other
other,other,other,other
other,other,other,other
other,other,other,other
other,other,other,other
other,other,other,other
other,other,other,other
other,other,other,other
other,other,other,other
other,other,other,other
other,other,other,other
other,other,other,other
other,other,other,other
other,other,other,other
other,other,other,other
other,other,other,other
other,other,other,other
other,other,other,other
other,other,other,other
other,other,other,other
other,other,other,other
other,other,other,other
other,other,other,other
other,other,other,other
other,other,other,other
other,other,other,other
other,other,other,other
other,other,other,other
other,other,other,other
other,other,other,other
other,other,other,other
other,other,other,other
other,other,other,other
other,other,other,other
other,other,other,other
other,other,other,other
other,other,other,other
other,other,other,other
other,other,other,other
other,other,other,other
other,other,other,other
other,other,other,other
other,other,other,other
other,other,other,other
other,other,other,other
other,other,other,other
other,other,other,other
other,other,other,other
other,other,other,other
other,other,other,other
other,other,other,other
other,other,other,other
other,other,other,other
other,other,other,other
other,other,other,other
other,other,other,other
other,other,other,other
other,other,other,other
other,other,other,other
other,other,other,other
other,other,other,other
other,other,other,other
other,other,other,other
other,other,other,other
other,other,other,other
other,other,other,other
other,other,other,other
other,other,other,other
other,other,other,other
other,other,other,other
other,other,other,other
other,other,other,other
other,other,other,other
other,other,other,other
other,other,other,other
other,other,other,other
other,other,other,other
other,other,other,other
other,other,other,other
other,other,other,other
other,other,other,other
other,other,other,other
other,other,other,other
other,other,other,other
other,other,other,other
other,other,other,other
other,other,other,other
other,other,other,other
other,other,other,other
other,other,other,other
other,other,other,other
other,other,other,other
other,other,other,other
other,other,other,other
other,other,other,other
other,other,other,other
other,other,other,other
other,other,other,other
other,other,other,other
other,other,other,other
other,other,other,other
other,other,other,other
other,other,other,other
other,other,other,other
other,other,other,other
other,other,other,other
other,other,other,other
other,other,other,other
other,other,other,other
other,other,other,other
other,other,other,other
other,other,other,other
other,other,other,other
other,other,other,other
other,other,other,other
other,other,other,other
other,other,other,other
other,other,other,other
other,other,other,other
other,other,other,other
other,other,other,other
other,other,other,other
other,other,other,other
other,other,other,other
other,other,other,other
other,other,other,other
other,other,other,other
other,other,other,other
other,other,other,other
other,other,other,other
other,other,other,other
other,other,other,other
other,other,other,other
other,other,other,other
other,other,other,other
other,other,other,other
other,other,other,other
other,other,other,other
other,other,other,other
other,other,other,other
other,other,other,other
other,other,other,other
other,other,other,other
other,other,other,other
other,other,other,other
other,other,other,other
other,other,other,other
other,other,other,other
other,other,other,other
other,other,other,other
other,other,other,other
other,other,other,other
other,other,other,other
other,other,other,other
other,other,other,other
other,other,other,other
other,other,other,other
other,other,other,other
other,other,other,other
other,other,other,other
other,other,other,other
other,other,other,other
other,other,other,other
other,other,other,other
other,other,other,other
other,other,other,other
other,other,other,other
other,other,other,other
other,other,other,other
other,other,other,other
other,other,other,other
other,other,other,other
other,other,other,other
other,other,other,other
other,other,other,other
other,other,other,other
other,other,other,other
other,other,other,other
other,other,other,other
other,other,other,other
other,other,other,other
other,other,other,other
other,other,other,other
other,other,other,other
other,other,other,other
other,other,other,other
other,other,other,other
other,other,other,other
other,other,other,other
other,other,other,other
other,other,other,other
other,other,other,other
other,other,other,other
other,other,other,other
other,other,other,other
other,other,other,other
other,other,other,other
other,other,other,other
other,other,other,other
other,other,other,other
other,other,other,other
other,other,other,other
other,other,other,other
other,other,other,other
other,other,other,other
other,other,other,other
other,other,other,other
other,other,other,other
other,other,other,other
other,other,other,other
other,other,other,other
other,other,other,other
other,other,other,other
